	Chrono	heure	T [°C)	HR [%).	Pression [mBar)	Vit. Vent [m/s)	Dir. Vent [°)	Lumi [W/m²)	POM [Km).	CN[P/cm3)	PMTot[µm)	PM1[µm)	PM2.5[µm)	PM4[µm)	PM10[µm)	Unnamed: 15	date beginning	time beginning	date end	time end	relative time [s]
0	0	10:43:53	11,2	76,7	1022,4	0,3	44	261,5	2	0,00	9254,29	49,17	528,87	1996,28	0,00		08/11/2021	10:43:53	08/11/2021	10:43:54	8480,81
1	1	10:43:54	11,2	76,7	1022,4	0,52	93	261,6	0,44	0,00	17344,57	67,63	604,34	2674,27	0,00		08/11/2021	10:43:54	08/11/2021	10:43:55	8481,81
2	2	10:43:55	11,2	76,7	1022,4	0,71	87	261,5	1,76	0,00	6930,43	53,66	601,25	1878,85	0,00		08/11/2021	10:43:55	08/11/2021	10:43:56	8482,81
3	3	10:43:56	11,1	76,7	1022,4	1,15	89	261,6	2	0,00	10017,00	39,70	390,78	1525,43	0,00		08/11/2021	10:43:56	08/11/2021	10:43:57	8483,81
4	4	10:43:57	11,1	76,7	1022,4	0,72	55	261,7	2	0,00	16746,45	54,06	444,37	1511,75	0,00		08/11/2021	10:43:57	08/11/2021	10:43:58	8484,80
5	5	10:43:58	11,1	76,7	1022,4	0,75	70	261,8	2	0,00	10438,38	53,54	539,79	2031,96	0,00		08/11/2021	10:43:58	08/11/2021	10:43:59	8485,80
6	6	10:43:59	11,2	76,7	1022,4	1,04	91	262	2	0,00	7630,76	43,34	425,16	1492,39	0,00		08/11/2021	10:43:59	08/11/2021	10:44:00	8486,78
7	7	10:44:00	11,2	76,7	1022,4	0,99	100	262,2	2	0,00	11124,08	52,91	480,93	1869,26	0,00		08/11/2021	10:44:00	08/11/2021	10:44:01	8487,80
8	8	10:44:01	11,2	76,7	1022,4	0,77	95	262,5	2	0,00	12012,69	49,04	531,83	2046,15	0,00		08/11/2021	10:44:01	08/11/2021	10:44:02	8488,80
9	9	10:44:02	11,2	76,8	1022,4	0,71	98	262,6	0,5	0,00	11060,50	60,79	513,14	2066,85	0,00		08/11/2021	10:44:02	08/11/2021	10:44:03	8489,78
10	10	10:44:03	11,2	76,8	1022,4	0,54	123	262,7	0,04	0,00	10477,88	58,73	490,70	1499,27	0,00		08/11/2021	10:44:03	08/11/2021	10:44:04	8490,77
11	11	10:44:04	11,2	76,8	1022,4	0,18	125	262,8	0,02	0,00	14755,72	53,54	511,18	2273,58	0,00		08/11/2021	10:44:04	08/11/2021	10:44:05	8491,78
12	12	10:44:05	11,2	76,9	1022,4	0,33	340	263	0,02	0,00	15091,58	59,28	494,95	2167,60	0,00		08/11/2021	10:44:05	08/11/2021	10:44:06	8492,77
13	13	10:44:06	11,2	76,9	1022,4	0,41	355	263	0,02	0,00	8061,82	41,88	436,17	1854,09	0,00		08/11/2021	10:44:06	08/11/2021	10:44:07	8493,77
14	14	10:44:07	11,2	76,9	1022,4	0,41	17	263,1	0,03	0,00	14223,63	40,44	329,96	1475,66	0,00		08/11/2021	10:44:07	08/11/2021	10:44:08	8494,75
15	15	10:44:08	11,2	76,8	1022,4	0,38	351	263,1	0,04	0,00	14875,46	35,75	352,93	1135,92	0,00		08/11/2021	10:44:08	08/11/2021	10:44:09	8495,73
16	16	10:44:09	11,2	76,8	1022,4	0,33	258	263,1	0,04	0,00	4842,89	42,41	388,52	1506,91	0,00		08/11/2021	10:44:09	08/11/2021	10:44:10	8496,75
17	17	10:44:10	11,2	76,8	1022,4	0,45	272	263,3	0,05	0,00	6533,66	35,39	370,94	1416,25	0,00		08/11/2021	10:44:10	08/11/2021	10:44:11	8497,73
18	18	10:44:11	11,2	76,8	1022,4	0,4	287	263,3	0,07	0,00	8493,00	59,43	486,24	1921,56	0,00		08/11/2021	10:44:11	08/11/2021	10:44:12	8498,73
19	19	10:44:12	11,2	76,7	1022,4	0,35	342	263,4	0,08	0,00	10011,07	59,35	532,73	1952,39	0,00		08/11/2021	10:44:12	08/11/2021	10:44:13	8499,72
20	20	10:44:13	11,2	76,7	1022,4	0,44	345	263,4	0,1	0,00	4976,65	33,69	291,23	1059,23	0,00		08/11/2021	10:44:13	08/11/2021	10:44:14	8500,72
21	21	10:44:14	11,2	76,7	1022,4	0,74	322	263,5	0,13	0,00	11286,13	39,44	392,32	1512,14	0,00		08/11/2021	10:44:14	08/11/2021	10:44:15	8501,73
22	22	10:44:15	11,2	76,7	1022,4	0,59	316	263,7	0,16	0,00	3697,27	40,82	355,47	1151,31	0,00		08/11/2021	10:44:15	08/11/2021	10:44:16	8502,70
23	23	10:44:16	11,2	76,7	1022,4	0,39	297	264	0,19	0,00	3569,97	33,99	306,83	1224,26	0,00		08/11/2021	10:44:16	08/11/2021	10:44:17	8503,72
24	24	10:44:17	11,2	76,7	1022,4	0,42	294	264,2	0,24	0,00	9243,79	34,17	277,41	1213,02	0,00		08/11/2021	10:44:17	08/11/2021	10:44:18	8504,70
25	25	10:44:18	11,2	76,7	1022,4	0,14	274	264,4	0,3	0,00	5411,14	41,62	383,00	1231,36	0,00		08/11/2021	10:44:18	08/11/2021	10:44:19	8505,70
26	26	10:44:19	11,2	76,7	1022,4	0,12	247	264,6	0,36	0,00	22307,90	36,95	410,11	1537,01	0,00		08/11/2021	10:44:19	08/11/2021	10:44:20	8506,69
27	27	10:44:20	11,2	76,7	1022,4	0,06	52	264,8	0,45	0,00	7633,06	38,43	374,04	1596,30	0,00		08/11/2021	10:44:20	08/11/2021	10:44:21	8507,70
28	28	10:44:21	11,2	76,7	1022,4	0,08	94	265	0,55	0,00	9732,36	39,20	354,49	1484,95	0,00		08/11/2021	10:44:21	08/11/2021	10:44:22	8508,69
29	29	10:44:22	11,2	76,7	1022,4	0,07	338	265,2	0,68	0,00	9126,34	37,61	338,11	1492,37	0,00		08/11/2021	10:44:22	08/11/2021	10:44:23	8509,70
30	30	10:44:23	11,2	76,7	1022,4	0,07	32	265,3	0,83	0,00	9810,89	38,62	339,00	1394,03	0,00		08/11/2021	10:44:23	08/11/2021	10:44:24	8510,69
31	31	10:44:24	11,2	76,7	1022,4	0,09	313	265,4	1,02	0,00	9013,00	37,54	324,62	1107,66	0,00		08/11/2021	10:44:24	08/11/2021	10:44:25	8511,69
32	32	10:44:25	11,2	76,7	1022,4	0,08	311	265,5	1,24	0,00	5363,71	34,45	344,62	1272,40	0,00		08/11/2021	10:44:25	08/11/2021	10:44:26	8512,67
33	33	10:44:26	11,2	76,7	1022,4	0,07	256	265,5	1,51	0,00	17960,66	24,46	281,57	843,95	0,00		08/11/2021	10:44:26	08/11/2021	10:44:27	8513,69
34	34	10:44:27	11,2	76,7	1022,4	0,31	212	265,7	1,81	0,00	17821,44	37,90	321,35	1293,45	0,00		08/11/2021	10:44:27	08/11/2021	10:44:28	8514,66
35	35	10:44:28	11,2	76,8	1022,4	0,27	194	265,8	2	0,00	4490,55	30,96	252,81	921,38	0,00		08/11/2021	10:44:28	08/11/2021	10:44:29	8515,67
36	36	10:44:29	11,2	76,8	1022,4	0,04	150	265,8	2	0,00	5965,67	21,46	203,38	794,52	0,00		08/11/2021	10:44:29	08/11/2021	10:44:30	8516,66
37	37	10:44:30	11,2	76,8	1022,4	0,05	290	266	2	0,00	6120,25	20,58	194,71	798,63	0,00		08/11/2021	10:44:30	08/11/2021	10:44:31	8517,64
38	38	10:44:31	11,2	76,8	1022,4	0,37	237	266,1	2	0,00	3703,59	32,39	247,73	1128,49	0,00		08/11/2021	10:44:31	08/11/2021	10:44:32	8518,64
39	39	10:44:32	11,2	76,8	1022,4	0,43	237	266,2	2	0,00	5726,60	29,05	309,19	1425,96	0,00		08/11/2021	10:44:32	08/11/2021	10:44:33	8519,62
40	40	10:44:33	11,2	76,8	1022,4	0,3	223	266,4	2	0,00	8898,44	23,29	229,31	753,82	0,00		08/11/2021	10:44:33	08/11/2021	10:44:34	8520,64
41	41	10:44:34	11,2	76,9	1022,4	0,62	172	266,4	2	0,00	12526,35	25,20	277,23	1129,36	0,00		08/11/2021	10:44:34	08/11/2021	10:44:35	8521,64
42	42	10:44:35	11,2	76,9	1022,4	0,54	188	266,6	2	0,00	5737,62	33,42	253,16	1312,02	0,00		08/11/2021	10:44:35	08/11/2021	10:44:36	8522,62
43	43	10:44:36	11,2	76,9	1022,4	0,42	217	266,7	2	0,00	2712,71	18,36	189,92	705,12	0,00		08/11/2021	10:44:36	08/11/2021	10:44:37	8523,62
44	44	10:44:37	11,2	76,9	1022,4	0,49	188	266,8	2	0,00	5104,86	23,12	193,01	905,38	0,00		08/11/2021	10:44:37	08/11/2021	10:44:38	8524,61
45	45	10:44:38	11,2	76,8	1022,4	0,39	218	266,7	2	0,00	5099,07	28,29	268,02	893,45	0,00		08/11/2021	10:44:38	08/11/2021	10:44:39	8525,62
46	46	10:44:39	11,2	76,8	1022,4	0,71	204	266,7	2	0,00	5432,28	26,47	231,09	939,25	0,00		08/11/2021	10:44:39	08/11/2021	10:44:40	8526,61
47	47	10:44:40	11,2	76,8	1022,4	0,61	187	266,6	2	0,00	3341,62	23,62	256,36	963,39	0,00		08/11/2021	10:44:40	08/11/2021	10:44:41	8527,59
48	48	10:44:41	11,2	76,8	1022,4	0,39	222	266,6	2	0,00	7958,40	33,62	271,47	901,40	0,00		08/11/2021	10:44:41	08/11/2021	10:44:42	8528,59
49	49	10:44:42	11,2	76,8	1022,4	0,88	189	266,6	2	0,00	3801,91	23,80	164,43	691,46	0,00		08/11/2021	10:44:42	08/11/2021	10:44:43	8529,61
50	50	10:44:43	11,2	76,8	1022,4	1,24	159	266,5	2	0,00	3541,50	21,88	200,91	689,27	0,00		08/11/2021	10:44:43	08/11/2021	10:44:44	8530,59
51	51	10:44:44	11,2	76,8	1022,4	0,94	166	266,4	2	0,00	1004,32	18,60	155,89	516,80	0,00		08/11/2021	10:44:44	08/11/2021	10:44:45	8531,58
52	52	10:44:45	11,2	76,8	1022,4	0,84	209	266,4	2	0,00	4239,19	15,26	113,06	520,75	0,00		08/11/2021	10:44:45	08/11/2021	10:44:46	8532,59
53	53	10:44:46	11,2	76,8	1022,4	0,78	258	266,5	2	0,00	3706,00	14,31	100,87	326,23	0,00		08/11/2021	10:44:46	08/11/2021	10:44:47	8533,58
54	54	10:44:47	11,2	76,8	1022,4	0,78	154	266,6	2	0,00	1800,78	23,82	186,26	714,21	0,00		08/11/2021	10:44:47	08/11/2021	10:44:48	8534,56
55	55	10:44:48	11,2	76,8	1022,4	0,68	155	266,7	2	0,00	2264,83	17,66	195,63	544,72	0,00		08/11/2021	10:44:48	08/11/2021	10:44:49	8535,56
56	56	10:44:49	11,2	76,8	1022,4	0,54	172	266,8	2	0,00	4181,57	17,71	160,87	668,17	0,00		08/11/2021	10:44:49	08/11/2021	10:44:50	8536,58
57	57	10:44:50	11,2	76,8	1022,4	0,35	66	266,9	2	0,00	1772,14	20,26	153,54	580,99	0,00		08/11/2021	10:44:50	08/11/2021	10:44:51	8537,56
58	58	10:44:51	11,2	76,8	1022,4	0,41	261	266,8	2	0,00	4198,90	18,19	203,86	781,03	0,00		08/11/2021	10:44:51	08/11/2021	10:44:52	8538,56
59	59	10:44:52	11,2	76,8	1022,4	0,58	335	266,8	2	0,00	6565,55	29,17	289,81	950,71	0,00		08/11/2021	10:44:52	08/11/2021	10:44:53	8539,55
60	60	10:44:53	11,2	76,8	1022,4	0,55	340	266,7	2	0,00	2400,56	18,39	157,21	674,23	0,00		08/11/2021	10:44:53	08/11/2021	10:44:54	8540,55
61	61	10:44:54	11,2	76,7	1022,4	0,26	330	266,6	2	0,00	5113,89	15,22	131,22	489,31	0,00		08/11/2021	10:44:54	08/11/2021	10:44:55	8541,55
62	62	10:44:55	11,2	76,7	1022,4	0,37	226	266,4	2	0,00	25140,79	25,27	238,30	733,12	0,00		08/11/2021	10:44:55	08/11/2021	10:44:56	8542,53
63	63	10:44:56	11,2	76,7	1022,4	0,32	120	266,3	2	0,00	4098,24	23,13	206,02	712,30	0,00		08/11/2021	10:44:56	08/11/2021	10:44:57	8543,53
64	64	10:44:57	11,2	76,7	1022,4	0,85	147	266,2	2	0,00	1182,54	11,96	92,53	368,99	0,00		08/11/2021	10:44:57	08/11/2021	10:44:58	8544,52
65	65	10:44:58	11,2	76,7	1022,4	0,99	155	265,9	2	0,00	1635,68	12,40	120,29	321,72	0,00		08/11/2021	10:44:58	08/11/2021	10:44:59	8545,53
66	66	10:44:59	11,2	76,7	1022,4	1,28	167	265,8	2	0,00	1046,82	9,20	60,44	182,76	0,00		08/11/2021	10:44:59	08/11/2021	10:45:00	8546,53
67	67	10:45:00	11,2	76,7	1022,4	0,91	94	265,7	2	0,00	1033,73	9,39	67,12	264,15	0,00		08/11/2021	10:45:00	08/11/2021	10:45:01	8547,52
68	68	10:45:01	11,2	76,7	1022,4	1,06	122	265,8	2	0,00	2677,52	11,43	91,79	283,52	0,00		08/11/2021	10:45:01	08/11/2021	10:45:02	8548,50
69	69	10:45:02	11,2	76,7	1022,4	1,17	144	265,8	2	0,00	2857,81	16,33	143,81	725,00	0,00		08/11/2021	10:45:02	08/11/2021	10:45:03	8549,52
70	70	10:45:03	11,2	76,7	1022,4	1,18	141	266	2	0,00	3315,62	10,49	99,55	337,93	0,00		08/11/2021	10:45:03	08/11/2021	10:45:04	8550,50
71	71	10:45:04	11,2	76,8	1022,4	1,03	95	266,3	2	0,00	4190,01	10,84	94,24	469,60	0,00		08/11/2021	10:45:04	08/11/2021	10:45:05	8551,48
72	72	10:45:05	11,2	76,8	1022,4	1,09	85	266,5	2	0,00	871,39	10,53	83,33	312,80	0,00		08/11/2021	10:45:05	08/11/2021	10:45:06	8552,48
73	73	10:45:06	11,2	76,8	1022,4	0,92	69	266,6	2	0,00	3630,64	12,83	108,02	437,44	0,00		08/11/2021	10:45:06	08/11/2021	10:45:07	8553,48
74	74	10:45:07	11,2	76,9	1022,4	0,8	81	266,9	2	0,00	2340,75	14,34	131,05	441,06	0,00		08/11/2021	10:45:07	08/11/2021	10:45:08	8554,48
75	75	10:45:08	11,2	77	1022,4	0,5	84	267	2	0,00	1573,54	15,40	126,64	754,50	0,00		08/11/2021	10:45:08	08/11/2021	10:45:09	8555,47
76	76	10:45:09	11,2	77	1022,4	0,57	126	267,2	2	0,00	2161,53	14,79	123,25	467,86	0,00		08/11/2021	10:45:09	08/11/2021	10:45:10	8556,47
77	77	10:45:10	11,3	77,1	1022,4	0,74	148	267,4	2	0,00	1598,42	17,40	128,73	438,52	0,00		08/11/2021	10:45:10	08/11/2021	10:45:11	8557,47
78	78	10:45:11	11,3	77,2	1022,4	0,3	169	267,6	2	0,00	4199,22	16,03	150,68	507,49	0,00		08/11/2021	10:45:11	08/11/2021	10:45:12	8558,45
79	79	10:45:12	11,3	77,2	1022,4	0,42	247	267,8	0,12	0,00	13730,99	11,23	95,75	417,13	0,00		08/11/2021	10:45:12	08/11/2021	10:45:13	8559,45
80	80	10:45:13	11,3	77,2	1022,4	0,12	202	268,3	0,07	0,00	3478,35	10,88	58,32	177,81	0,00		08/11/2021	10:45:13	08/11/2021	10:45:14	8560,47
81	81	10:45:14	11,3	77,2	1022,4	0,38	146	269,7	0,05	0,00	1571,74	8,54	80,56	378,04	0,00		08/11/2021	10:45:14	08/11/2021	10:45:15	8561,45
82	82	10:45:15	11,2	77,2	1022,4	0,41	135	270,6	0,04	0,00	1877,69	9,38	83,09	285,59	0,00		08/11/2021	10:45:15	08/11/2021	10:45:16	8562,45
83	83	10:45:16	11,2	77,2	1022,4	0,63	83	271,6	0,04	0,00	25763,13	53,86	510,75	1839,65	0,00		08/11/2021	10:45:16	08/11/2021	10:45:17	8563,44
84	84	10:45:17	11,2	77,2	1022,4	0,44	85	271,6	0,03	0,00	77702,74	266,27	2136,85	7545,53	0,00		08/11/2021	10:45:17	08/11/2021	10:45:18	8564,42
85	85	10:45:18	11,2	77,2	1022,4	0,43	62	271,3	0,03	0,00	77515,96	293,33	2199,15	7772,50	0,00		08/11/2021	10:45:18	08/11/2021	10:45:19	8565,45
86	86	10:45:19	11,2	77,2	1022,4	0,88	72	270,8	0,03	0,00	50574,68	253,25	1780,44	6198,00	0,00		08/11/2021	10:45:19	08/11/2021	10:45:20	8566,42
87	87	10:45:20	11,2	77,1	1022,4	0,4	41	270	0,03	0,00	55427,75	156,24	1252,73	4435,07	0,00		08/11/2021	10:45:20	08/11/2021	10:45:21	8567,42
88	88	10:45:21	11,2	77,1	1022,4	0,25	6	268,4	0,03	0,00	12967,46	36,47	297,16	1053,01	0,00		08/11/2021	10:45:21	08/11/2021	10:45:22	8568,41
89	89	10:45:22	11,2	77,1	1022,4	0,2	295	267,5	0,03	0,00	47337,44	22,31	181,62	1379,17	0,00		08/11/2021	10:45:22	08/11/2021	10:45:23	8569,42
90	90	10:45:23	11,3	77,1	1022,4	0,7	62	267,2	0,03	0,00	20305,07	17,49	154,43	718,67	0,00		08/11/2021	10:45:23	08/11/2021	10:45:24	8570,41
91	91	10:45:24	11,3	77,1	1022,4	0,48	77	266,9	0,04	0,00	14469,93	18,85	95,85	605,72	0,00		08/11/2021	10:45:24	08/11/2021	10:45:25	8571,41
92	92	10:45:25	11,3	77,1	1022,4	0,37	82	267	0,04	0,00	23321,25	14,81	109,37	593,64	0,00		08/11/2021	10:45:25	08/11/2021	10:45:26	8572,39
93	93	10:45:26	11,3	77	1022,4	0,48	76	267,4	0,05	0,00	9850,34	11,86	115,59	634,60	0,00		08/11/2021	10:45:26	08/11/2021	10:45:27	8573,39
94	94	10:45:27	11,3	77	1022,4	0,41	123	267,5	0,06	0,00	19722,11	12,62	81,05	533,95	0,00		08/11/2021	10:45:27	08/11/2021	10:45:28	8574,41
95	95	10:45:28	11,2	77	1022,4	0,81	85	267,8	0,07	0,00	41055,87	10,52	76,83	266,05	0,00		08/11/2021	10:45:28	08/11/2021	10:45:29	8575,39
96	96	10:45:29	11,2	77	1022,4	0,45	64	267,8	0,08	0,00	7086,22	10,30	95,14	371,84	0,00		08/11/2021	10:45:29	08/11/2021	10:45:30	8576,37
97	97	10:45:30	11,2	77,1	1022,4	0,55	86	267,6	0,09	0,00	55941,72	11,26	97,44	510,66	0,00		08/11/2021	10:45:30	08/11/2021	10:45:31	8577,39
98	98	10:45:31	11,2	77,1	1022,4	0,91	104	267,8	0,11	0,00	8439,05	10,57	68,12	401,07	0,00		08/11/2021	10:45:31	08/11/2021	10:45:32	8578,37
99	99	10:45:32	11,2	77,1	1022,4	0,65	83	267,9	0,13	0,00	1678,69	5,96	53,73	198,47	0,00		08/11/2021	10:45:32	08/11/2021	10:45:33	8579,37
100	100	10:45:33	11,3	77,1	1022,4	0,51	103	268,1	0,16	0,00	204,41	6,11	17,03	90,65	0,00		08/11/2021	10:45:33	08/11/2021	10:45:34	8580,37
101	101	10:45:34	11,3	77,1	1022,4	0,19	233	268,3	0,19	0,00	160,20	3,94	18,12	70,05	0,00		08/11/2021	10:45:34	08/11/2021	10:45:35	8581,36
102	102	10:45:35	11,3	77,1	1022,4	0,35	223	268,4	0,23	0,00	56,13	3,28	22,24	49,56	0,00		08/11/2021	10:45:35	08/11/2021	10:45:36	8582,34
103	103	10:45:36	11,3	77,1	1022,4	0,3	246	268,3	0,28	0,00	183,92	4,01	22,24	96,20	0,00		08/11/2021	10:45:36	08/11/2021	10:45:37	8583,36
104	104	10:45:37	11,3	77,1	1022,4	0,45	118	268,1	0,33	0,00	2,98	2,42	2,98	2,98	0,00		08/11/2021	10:45:37	08/11/2021	10:45:38	8584,34
105	105	10:45:38	11,2	77,2	1022,4	0,41	108	268,1	0,4	0,00	4,83	3,13	4,79	4,83	0,00		08/11/2021	10:45:38	08/11/2021	10:45:39	8585,34
106	106	10:45:39	11,2	77,2	1022,4	0,32	153	267,9	0,47	0,00	20,87	2,58	5,13	18,36	0,00		08/11/2021	10:45:39	08/11/2021	10:45:40	8586,33
107	107	10:45:40	11,2	77,2	1022,4	0,3	198	267,9	0,56	0,00	50,28	2,36	4,58	27,29	0,00		08/11/2021	10:45:40	08/11/2021	10:45:41	8587,34
108	108	10:45:41	11,2	77,2	1022,4	0,42	208	267,9	0,67	0,00	2,92	2,45	2,91	2,92	0,00		08/11/2021	10:45:41	08/11/2021	10:45:42	8588,31
109	109	10:45:42	11,2	77,2	1022,4	0,26	239	267,8	0,82	0,00	2,34	2,03	2,33	2,34	0,00		08/11/2021	10:45:42	08/11/2021	10:45:43	8589,33
110	110	10:45:43	11,3	77,2	1022,4	0,3	191	267,8	0,98	0,00	4,89	2,79	4,81	4,89	0,00		08/11/2021	10:45:43	08/11/2021	10:45:44	8590,33
111	111	10:45:44	11,3	77,2	1022,4	0,1	301	267,7	1,17	0,00	170,67	2,92	5,25	21,48	0,00		08/11/2021	10:45:44	08/11/2021	10:45:45	8591,31
112	112	10:45:45	11,3	77,2	1022,4	0,27	261	267,6	1,39	0,00	2,74	2,06	2,72	2,74	0,00		08/11/2021	10:45:45	08/11/2021	10:45:46	8592,30
113	113	10:45:46	11,3	77,2	1022,4	0,44	264	267,6	1,63	0,00	34,38	2,58	4,71	25,08	0,00		08/11/2021	10:45:46	08/11/2021	10:45:47	8593,30
114	114	10:45:47	11,3	77,3	1022,4	0,19	227	267,6	1,9	0,00	5,29	2,83	5,18	5,29	0,00		08/11/2021	10:45:47	08/11/2021	10:45:48	8594,30
115	115	10:45:48	11,3	77,3	1022,4	0,25	336	267,6	2	0,00	8,08	2,54	7,38	8,08	0,00		08/11/2021	10:45:48	08/11/2021	10:45:49	8595,30
116	116	10:45:49	11,3	77,3	1022,4	0,45	259	267,5	2	0,00	8,20	3,01	7,79	8,20	0,00		08/11/2021	10:45:49	08/11/2021	10:45:50	8596,31
117	117	10:45:50	11,3	77,3	1022,4	0,35	237	267,6	2	0,00	27,98	2,27	9,41	24,99	0,00		08/11/2021	10:45:50	08/11/2021	10:45:51	8597,30
118	117	10:45:50	11,3	77,3	1022,4	0,35	237	267,6	2	0,00	62,23	3,00	5,56	29,99	0,00		08/11/2021	10:45:50	08/11/2021	10:45:51	8598,28
119	118	10:45:51	11,3	77,4	1022,4	0,27	231	267,7	2	0,00	11,35	3,21	10,71	11,35	0,00		08/11/2021	10:45:51	08/11/2021	10:45:52	8599,28
120	119	10:45:52	11,3	77,4	1022,4	0,35	161	267,8	2	0,00	12,97	3,62	11,89	12,95	0,00		08/11/2021	10:45:52	08/11/2021	10:45:53	8600,27
121	120	10:45:53	11,3	77,4	1022,4	0,49	170	267,9	2	0,00	6,64	2,73	6,36	6,64	0,00		08/11/2021	10:45:53	08/11/2021	10:45:54	8601,27
122	121	10:45:54	11,3	77,4	1022,4	0,47	191	268,1	2	0,00	7,27	3,25	7,08	7,27	0,00		08/11/2021	10:45:54	08/11/2021	10:45:55	8602,27
123	122	10:45:55	11,3	77,4	1022,4	0,4	186	268,2	2	0,00	2,39	1,59	2,36	2,39	0,00		08/11/2021	10:45:55	08/11/2021	10:45:56	8603,27
124	123	10:45:56	11,3	77,4	1022,4	0,49	185	268,3	2	0,00	9,95	2,95	9,35	9,95	0,00		08/11/2021	10:45:56	08/11/2021	10:45:57	8604,27
125	124	10:45:57	11,3	77,4	1022,4	0,65	167	268,5	2	0,00	3,88	2,38	3,85	3,88	0,00		08/11/2021	10:45:57	08/11/2021	10:45:58	8605,27
126	125	10:45:58	11,3	77,4	1022,4	0,6	147	268,7	2	0,00	13,78	1,84	11,89	13,72	0,00		08/11/2021	10:45:58	08/11/2021	10:45:59	8606,27
127	126	10:45:59	11,3	77,4	1022,4	0,52	165	268,8	2	0,00	3,75	2,24	3,69	3,75	0,00		08/11/2021	10:45:59	08/11/2021	10:46:00	8607,27
128	127	10:46:00	11,3	77,4	1022,4	0,49	187	268,9	2	0,00	9,42	2,54	7,98	9,35	0,00		08/11/2021	10:46:00	08/11/2021	10:46:01	8608,27
129	128	10:46:01	11,3	77,4	1022,4	0,52	159	269,1	2	0,00	7,43	3,13	7,20	7,43	0,00		08/11/2021	10:46:01	08/11/2021	10:46:02	8609,22
130	129	10:46:02	11,3	77,4	1022,4	0,48	157	269,1	2	0,00	12,99	2,12	9,26	12,66	0,00		08/11/2021	10:46:02	08/11/2021	10:46:03	8610,22
131	130	10:46:03	11,3	77,4	1022,4	0,6	176	269,2	2	0,00	6,61	3,01	6,46	6,61	0,00		08/11/2021	10:46:03	08/11/2021	10:46:04	8611,22
132	131	10:46:04	11,3	77,4	1022,4	0,84	154	269,1	2	0,00	9,90	3,41	9,39	9,90	0,00		08/11/2021	10:46:04	08/11/2021	10:46:05	8612,22
133	132	10:46:05	11,3	77,4	1022,4	1,14	171	269,3	2	0,00	2,54	2,14	2,54	2,54	0,00		08/11/2021	10:46:05	08/11/2021	10:46:06	8613,20
134	133	10:46:06	11,3	77,4	1022,4	1,19	194	269,4	2	0,00	1,87	1,68	1,87	1,87	0,00		08/11/2021	10:46:06	08/11/2021	10:46:07	8614,22
135	134	10:46:07	11,3	77,4	1022,4	1,04	187	269,6	2	0,00	4,88	2,32	4,69	4,88	0,00		08/11/2021	10:46:07	08/11/2021	10:46:08	8615,20
136	135	10:46:08	11,3	77,4	1022,4	0,52	201	269,7	2	0,00	23,61	2,05	11,01	21,89	0,00		08/11/2021	10:46:08	08/11/2021	10:46:09	8616,20
137	136	10:46:09	11,3	77,4	1022,4	0,47	247	269,9	2	0,00	6,93	2,20	6,55	6,93	0,00		08/11/2021	10:46:09	08/11/2021	10:46:10	8617,20
138	137	10:46:10	11,3	77,4	1022,4	0,46	233	270,1	2	0,00	5,57	2,39	5,31	5,57	0,00		08/11/2021	10:46:10	08/11/2021	10:46:11	8618,19
139	138	10:46:11	11,3	77,3	1022,4	0,44	254	270,4	2	0,00	8,45	2,84	8,09	8,45	0,00		08/11/2021	10:46:11	08/11/2021	10:46:12	8619,19
140	139	10:46:12	11,3	77,3	1022,4	0,74	253	270,4	2	0,00	9,53	2,16	8,07	9,46	0,00		08/11/2021	10:46:12	08/11/2021	10:46:13	8620,19
141	140	10:46:13	11,3	77,3	1022,4	0,55	231	270,5	2	0,00	5,55	1,27	5,07	5,55	0,00		08/11/2021	10:46:13	08/11/2021	10:46:14	8621,17
142	141	10:46:14	11,3	77,3	1022,4	0,57	195	270,6	2	0,00	2,88	2,40	2,88	2,88	0,00		08/11/2021	10:46:14	08/11/2021	10:46:15	8622,16
143	142	10:46:15	11,3	77,3	1022,4	0,74	220	270,7	2	0,00	14,95	1,79	12,89	14,88	0,00		08/11/2021	10:46:15	08/11/2021	10:46:16	8623,16
144	143	10:46:16	11,3	77,3	1022,4	0,71	237	270,7	2	0,00	23,80	3,30	11,61	22,08	0,00		08/11/2021	10:46:16	08/11/2021	10:46:17	8624,16
145	144	10:46:17	11,3	77,3	1022,4	0,52	211	270,8	2	0,00	1,50	1,37	1,50	1,50	0,00		08/11/2021	10:46:17	08/11/2021	10:46:18	8625,16
146	145	10:46:18	11,3	77,3	1022,4	0,44	156	270,8	2	0,00	2,92	2,33	2,91	2,92	0,00		08/11/2021	10:46:18	08/11/2021	10:46:19	8626,14
147	146	10:46:19	11,3	77,2	1022,4	0,65	163	270,8	2	0,00	10,48	2,43	9,67	10,48	0,00		08/11/2021	10:46:19	08/11/2021	10:46:20	8627,14
148	147	10:46:20	11,3	77,2	1022,4	0,61	135	270,9	2	0,00	13,24	2,37	9,51	12,91	0,00		08/11/2021	10:46:20	08/11/2021	10:46:21	8628,12
149	148	10:46:21	11,3	77,1	1022,4	0,85	158	270,9	2	0,00	978,78	2,33	14,06	40,03	0,00		08/11/2021	10:46:21	08/11/2021	10:46:22	8629,12
150	149	10:46:22	11,3	77,1	1022,4	0,71	146	270,9	2	0,00	13253,08	3,17	14,23	75,42	0,00		08/11/2021	10:46:22	08/11/2021	10:46:23	8630,12
151	150	10:46:23	11,3	77,1	1022,4	0,68	161	270,9	2	0,00	915,73	3,05	16,02	100,17	0,00		08/11/2021	10:46:23	08/11/2021	10:46:24	8631,12
152	151	10:46:24	11,3	77,1	1022,4	0,47	160	270,9	2	0,00	422,14	3,09	22,23	48,24	0,00		08/11/2021	10:46:24	08/11/2021	10:46:25	8632,12
153	152	10:46:25	11,3	77,1	1022,4	0,37	168	271	2	0,00	40,51	1,33	3,52	25,55	0,00		08/11/2021	10:46:25	08/11/2021	10:46:26	8633,12
154	153	10:46:26	11,3	77,1	1022,4	0,56	145	271	2	0,00	32,35	3,07	19,19	30,63	0,00		08/11/2021	10:46:26	08/11/2021	10:46:27	8634,11
155	154	10:46:27	11,3	77,1	1022,4	0,54	108	271,1	2	0,00	5,14	2,76	5,04	5,14	0,00		08/11/2021	10:46:27	08/11/2021	10:46:28	8635,11
