date beginning,time beginning,time end,PM1_ambient - ,PM2.5_ambient - ,PM4_ambient - ,PM10_ambient - ,Cm [mg/m^3],Cn [P/cm^3],"M1,0 [µm]","M1,0 [µm].1",T [°C),HR [%).,Pression [mBar),Vit. Vent [m/s),Dir. Vent [°),Lumi [W/m²),Elev.,Lat.,Lon.,trajet
07/12/2021,08:53:34,08:53:44,"10,09","15,46","20,44","20,67","0,011534","94,408958","0,305804","0,305804","8,4","94,4","1007,5","1,59",333.0,"615,8",-27.0,47.22824777942151,-1.553037241101265,Erdre_aller_0712
07/12/2021,08:53:44,08:53:54,"17,55","21,58","24,27","24,14","0,012735","194,990509","0,282740","0,282740","8,4","94,5","1007,5","0,66",340.0,"613,4",77.0,47.22836085129529,-1.553233042359352,Erdre_aller_0712
07/12/2021,08:53:53,08:54:03,"9,18","13,98","18,32","18,61","0,010748","366,369293","0,271827","0,271827","8,4","94,5","1007,5","0,29",18.0,"613,7",67.0,47.22842488903552,-1.553269000723958,Erdre_aller_0712
07/12/2021,08:54:03,08:54:13,"6,85","11,02","13,17","13,06","0,011452","190,378845","0,275540","0,275540","8,4","94,5","1007,5","0,64",42.0,"611,7",65.0,47.22842136863619,-1.5532809030264616,Erdre_aller_0712
07/12/2021,08:54:13,08:54:23,"5,83","9,56","12,59","15,57","0,007221","107,264763","0,300153","0,300153","8,4","94,5","1007,6","0,49",359.0,"610,1",,,,Erdre_aller_0712
07/12/2021,08:54:23,08:54:33,"6,01","11,87","16,98","24,87","0,014125","74,670677","0,324940","0,324940","8,4","94,5","1007,6","0,69",352.0,"613,8",,,,Erdre_aller_0712
07/12/2021,08:54:33,08:54:43,"5,78","10,85","16,62","18,51","0,028933","67,240067","0,358265","0,358265","8,4","94,5","1007,6","0,64",320.0,"610,5",,,,Erdre_aller_0712
07/12/2021,08:54:44,08:54:54,"6,43","11,66","15,84","15,73","0,015559","66,971596","0,347870","0,347870","8,4","94,4","1007,6","0,23",271.0,"612,6",,,,Erdre_aller_0712
07/12/2021,08:54:53,08:55:03,"6,55","11,15","13,83","13,70","0,009903","83,811378","0,327590","0,327590","8,4","94,4","1007,6","0,68",32.0,612,,,,Erdre_aller_0712
07/12/2021,08:55:03,08:55:13,"5,80","10,97","17,24","17,66","0,008106","82,454071","0,326869","0,326869","8,4","94,3","1007,6","0,42",143.0,"608,8",,,,Erdre_aller_0712
07/12/2021,08:55:13,08:55:23,"6,27","14,75","21,43","41,81","0,013246","71,770203","0,340153","0,340153","8,4","94,3","1007,6","0,94",77.0,"607,2",,,,Erdre_aller_0712
07/12/2021,08:55:23,08:55:33,"5,47","9,37","12,02","11,89","0,141723","65,692780","0,394319","0,394319","8,4","94,3","1007,5","0,6",148.0,"607,6",,,,Erdre_aller_0712
07/12/2021,08:55:33,08:55:43,"5,63","11,07","15,62","15,35","0,007051","70,507095","0,325941","0,325941","8,4","94,3","1007,6","1,44",143.0,"608,7",,,,Erdre_aller_0712
07/12/2021,08:55:43,08:55:53,"5,51","13,54","24,90","33,44","0,009859","74,577690","0,333891","0,333891","8,4","94,2","1007,6","0,39",32.0,607,,,,Erdre_aller_0712
07/12/2021,08:55:53,08:56:03,"5,29","11,06","17,69","17,60","0,037923","70,134407","0,364575","0,364575","8,4","94,2","1007,5","1,15",148.0,"606,6",,,,Erdre_aller_0712
07/12/2021,08:56:03,08:56:13,"5,82","11,10","16,88","16,83","0,012882","64,526955","0,352035","0,352035","8,4","94,2","1007,5","0,61",82.0,"607,6",,,,Erdre_aller_0712
07/12/2021,08:56:13,08:56:23,"5,83","12,01","19,31","21,45","0,011973","67,514481","0,347561","0,347561","8,4","94,2","1007,5","0,61",238.0,"605,9",,,,Erdre_aller_0712
07/12/2021,08:56:24,08:56:34,"6,04","12,35","19,60","19,78","0,018427","78,468491","0,336919","0,336919","8,4","94,3","1007,5","1,42",116.0,"606,9",,,,Erdre_aller_0712
07/12/2021,08:56:33,08:56:43,"5,64","11,61","20,34","21,05","0,014783","77,290810","0,340777","0,340777","8,3","94,3","1007,5","1,58",149.0,"606,1",,,,Erdre_aller_0712
07/12/2021,08:56:43,08:56:53,"6,64","13,31","18,90","19,06","0,017075","76,568359","0,335546","0,335546","8,4","94,4","1007,4","1,17",225.0,"604,5",,,,Erdre_aller_0712
07/12/2021,08:56:54,08:57:04,"6,84","13,06","18,83","22,40","0,012872","81,544075","0,342091","0,342091","8,3","94,5","1007,4","1,1",338.0,"605,3",,,,Erdre_aller_0712
07/12/2021,08:57:04,08:57:14,"7,42","15,24","24,40","26,93","0,020665","95,397217","0,325609","0,325609","8,3","94,6","1007,4","0,32",352.0,"603,4",,,,Erdre_aller_0712
07/12/2021,08:57:13,08:57:23,"6,62","12,47","17,41","20,42","0,023079","90,592712","0,347140","0,347140","8,3","94,7","1007,4","0,83",20.0,604,,,,Erdre_aller_0712
07/12/2021,08:57:24,08:57:34,"6,37","13,63","20,27","26,25","0,017813","97,211555","0,314576","0,314576","8,3","94,8","1007,4","1,38",17.0,"602,4",,,,Erdre_aller_0712
07/12/2021,08:57:33,08:57:43,"8,11","13,61","18,07","18,35","0,027642","103,003601","0,316941","0,316941","8,3","94,8","1007,4","1,34",14.0,"603,1",,,,Erdre_aller_0712
07/12/2021,08:57:44,08:57:54,"6,15","13,77","22,00","22,56","0,011941","157,696396","0,279230","0,279230","8,3","94,8","1007,4","1,11",350.0,"602,8",,,,Erdre_aller_0712
07/12/2021,08:57:53,08:58:03,"6,53","15,30","20,51","44,52","0,017460","79,008453","0,347045","0,347045","8,3","94,8","1007,4","1,38",345.0,"601,5",,,,Erdre_aller_0712
07/12/2021,08:58:04,08:58:14,"6,04","14,18","22,18","22,31","0,070010","78,098694","0,362178","0,362178","8,3","94,9","1007,4","1,58",1.0,"603,1",,,,Erdre_aller_0712
07/12/2021,08:58:14,08:58:24,"5,67","11,26","16,33","17,86","0,016429","74,842712","0,356441","0,356441","8,3",95,"1007,4","0,34",52.0,"602,6",,,,Erdre_aller_0712
07/12/2021,08:58:23,08:58:33,"6,33","10,46","13,17","13,01","0,014364","72,675842","0,338072","0,338072","8,3","95,1","1007,4","0,33",16.0,602,,,,Erdre_aller_0712
07/12/2021,08:58:34,08:58:44,"6,86","13,92","20,76","22,94","0,007616","79,829796","0,325026","0,325026","8,3","95,2","1007,4","1,63",357.0,"601,4",,,,Erdre_aller_0712
07/12/2021,08:58:44,08:58:54,"6,03","12,73","19,10","18,92","0,018824","82,266121","0,347939","0,347939","8,3","95,3","1007,4","1,92",30.0,"601,4",,,,Erdre_aller_0712
07/12/2021,08:58:54,08:59:04,"6,22","12,57","18,94","22,62","0,013130","73,306229","0,349125","0,349125","8,3","95,3","1007,4","1,34",37.0,"601,6",,,,Erdre_aller_0712
07/12/2021,08:59:03,08:59:13,"6,30","14,46","22,61","22,78","0,021707","77,018517","0,343748","0,343748","8,3","95,4","1007,4","1,47",25.0,"601,4",,,,Erdre_aller_0712
07/12/2021,08:59:14,08:59:24,"5,84","12,33","19,16","19,28","0,016868","75,837112","0,359659","0,359659","8,3","95,5","1007,5","1,85",58.0,"600,6",,,,Erdre_aller_0712
07/12/2021,08:59:24,08:59:34,"7,16","15,07","23,72","24,09","0,014218","77,744255","0,337341","0,337341","8,3","95,5","1007,5","0,6",34.0,"600,4",,,,Erdre_aller_0712
07/12/2021,08:59:34,08:59:44,"7,27","16,66","27,08","27,38","0,018112","87,786629","0,348726","0,348726","8,3","95,6","1007,4","0,12",191.0,"600,2",,,,Erdre_aller_0712
07/12/2021,08:59:44,08:59:54,"6,17","12,85","20,05","21,22","0,020936","84,432327","0,366165","0,366165","8,4","95,6","1007,4","1,23",338.0,"600,1",,,,Erdre_aller_0712
07/12/2021,08:59:54,09:00:04,"6,05","14,08","23,53","23,35","0,016767","72,580566","0,354657","0,354657","8,3","95,7","1007,3","0,69",325.0,"599,6",,,,Erdre_aller_0712
07/12/2021,09:00:04,09:00:14,"6,57","16,30","26,58","39,02","0,017320","75,566643","0,356226","0,356226","8,4","95,7","1007,3","0,63",18.0,"599,8",,,,Erdre_aller_0712
07/12/2021,09:00:14,09:00:24,"6,04","12,60","19,64","22,45","0,047033","76,193504","0,378979","0,378979","8,3","95,7","1007,3","1,08",331.0,"599,8",,,,Erdre_aller_0712
07/12/2021,09:00:24,09:00:34,"6,60","16,79","25,12","47,20","0,020000","73,576820","0,352453","0,352453","8,4","95,7","1007,2","1,61",281.0,"599,6",,,,Erdre_aller_0712
07/12/2021,09:00:34,09:00:44,"7,30","15,12","24,12","26,41","0,069286","80,900246","0,374856","0,374856","8,3","95,7","1007,1","1,23",301.0,"599,3",,,,Erdre_aller_0712
07/12/2021,09:00:44,09:00:54,"6,41","13,50","20,55","21,18","0,022448","86,427612","0,352977","0,352977","8,4","95,7","1007,1","0,84",351.0,599,,,,Erdre_aller_0712
07/12/2021,09:00:54,09:01:04,"7,18","14,61","21,47","22,11","0,015875","86,162201","0,334843","0,334843","8,4","95,8",1007,"0,97",245.0,"598,9",,,,Erdre_aller_0712
07/12/2021,09:01:04,09:01:14,"6,31","13,73","18,51","48,37","0,016312","83,531647","0,352898","0,352898","8,4","95,8",1007,"0,61",127.0,"598,6",,,,Erdre_aller_0712
07/12/2021,09:01:14,09:01:24,"6,24","12,43","17,62","17,38","0,203259","83,441948","0,350292","0,350292","8,4","95,8",1007,"0,52",103.0,"598,9",,,,Erdre_aller_0712
07/12/2021,09:01:24,09:01:34,"5,90","15,70","29,15","34,33","0,011511","76,837875","0,342440","0,342440","8,4","95,8","1006,9","0,67",321.0,"598,9",,,,Erdre_aller_0712
07/12/2021,09:01:34,09:01:44,"6,00","12,02","17,27","18,54","0,034551","80,995598","0,359520","0,359520","8,4","95,9","1006,9","0,87",44.0,"598,7",,,,Erdre_aller_0712
07/12/2021,09:01:44,09:01:54,"6,70","15,36","21,87","60,24","0,014262","76,115784","0,335504","0,335504","8,4","95,9","1006,9","0,91",19.0,"598,6",,,,Erdre_aller_0712
07/12/2021,09:01:54,09:02:04,"6,04","11,01","14,38","14,18","0,225270","77,370102","0,377889","0,377889","8,4","95,9","1006,8","0,79",6.0,"598,1",,,,Erdre_aller_0712
07/12/2021,09:02:04,09:02:14,"6,79","12,05","17,24","17,21","0,008728","74,487007","0,333916","0,333916","8,4","95,9","1006,8","0,68",113.0,"598,1",,,,Erdre_aller_0712
07/12/2021,09:02:14,09:02:24,"13,03","20,57","27,99","28,90","0,011432","100,834183","0,309328","0,309328","8,4","95,9","1006,8","0,77",27.0,"598,1",,,,Erdre_aller_0712
07/12/2021,09:02:24,09:02:34,"5,70","9,94","13,25","13,17","0,019493","328,726379","0,258384","0,258384","8,4","95,9","1006,8","1,49",52.0,"597,6",,,,Erdre_aller_0712
07/12/2021,09:02:33,09:02:43,"8,80","16,68","21,55","44,27","0,008241","72,950935","0,325496","0,325496","8,4","95,9","1006,8","0,97",56.0,"597,9",,,,Erdre_aller_0712
07/12/2021,09:02:44,09:02:54,"12,14","18,89","25,35","28,60","0,102309","167,013458","0,290078","0,290078","8,4","95,9","1006,8","2,46",178.0,"597,5",,,,Erdre_aller_0712
07/12/2021,09:02:54,09:03:04,"6,17","12,52","18,41","19,66","0,022373","311,796906","0,258131","0,258131","8,4",96,"1006,7","1,72",184.0,"597,2",,,,Erdre_aller_0712
07/12/2021,09:03:04,09:03:14,"6,39","13,41","19,27","19,74","0,015158","90,874039","0,319463","0,319463","8,4",96,"1006,8","0,42",152.0,"597,8",,,,Erdre_aller_0712
07/12/2021,09:03:14,09:03:24,"6,39","13,09","20,03","23,24","0,013982","76,654999","0,348388","0,348388","8,4","96,1","1006,8","0,32",153.0,"597,8",,,,Erdre_aller_0712
07/12/2021,09:03:24,09:03:34,"10,33","17,47","25,76","27,51","0,020893","74,028694","0,354428","0,354428","8,4","96,1","1006,8","0,15",117.0,"597,7",51.0,47.23282417282462,-1.5488674119114876,Erdre_aller_0712
07/12/2021,09:03:34,09:03:44,"7,83","15,53","22,99","26,38","0,020639","214,001724","0,281342","0,281342","8,4","96,2","1006,8","0,28",26.0,"597,8",52.0,47.23293766379357,-1.5488384943455458,Erdre_aller_0712
07/12/2021,09:03:44,09:03:54,"6,06","12,86","21,28","21,88","0,629641","133,145920","0,316326","0,316326","8,4","96,2","1006,8","0,63",342.0,"597,9",54.0,47.23306477535516,-1.54884310439229,Erdre_aller_0712
07/12/2021,09:03:54,09:04:04,"6,07","12,72","20,94","22,82","0,017265","74,120522","0,349968","0,349968","8,4","96,2","1006,8","0,26",103.0,598,55.0,47.2332007298246,-1.5488526597619057,Erdre_aller_0712
07/12/2021,09:04:04,09:04:14,"6,35","13,41","19,68","19,39","0,019451","77,561935","0,342017","0,342017","8,4","96,2","1006,8","0,22",350.0,598,,,,Erdre_aller_0712
07/12/2021,09:04:14,09:04:24,"12,36","20,06","27,39","28,00","0,012869","78,828026","0,345616","0,345616","8,4","96,3","1006,8","0,72",60.0,"597,6",80.0,47.23339095711708,-1.548722656443715,Erdre_aller_0712
07/12/2021,09:04:24,09:04:34,"16,87","25,78","34,72","34,47","0,018592","288,069153","0,265470","0,265470","8,4","96,3","1006,8","0,9",327.0,"597,4",,,,Erdre_aller_0712
07/12/2021,09:04:34,09:04:44,"22,04","29,99","38,17","37,83","0,020805","534,716125","0,245685","0,245685","8,4","96,3","1006,7","0,53",290.0,"597,4",,,,Erdre_aller_0712
07/12/2021,09:04:44,09:04:54,"8,81","15,64","19,65","40,72","0,021278","743,513611","0,239613","0,239613","8,4","96,3","1006,6","0,59",267.0,"597,6",46.0,47.23378343973309,-1.548935221508145,Erdre_aller_0712
07/12/2021,09:04:54,09:05:04,"6,88","12,19","16,28","16,23","0,114407","204,051834","0,271269","0,271269","8,4","96,3","1006,6","0,37",331.0,"597,4",55.0,47.233932805247605,-1.5488719381392002,Erdre_aller_0712
07/12/2021,09:05:04,09:05:14,"7,19","15,13","22,53","25,24","0,010393","100,653526","0,308302","0,308302","8,4","96,3","1006,5","0,32",183.0,"597,6",,,,Erdre_aller_0712
07/12/2021,09:05:14,09:05:24,"21,16","28,87","38,83","39,03","0,021710","89,145012","0,345898","0,345898","8,4","96,3","1006,5","1,26",336.0,"597,5",,,,Erdre_aller_0712
07/12/2021,09:05:24,09:05:34,"12,35","19,18","28,40","30,53","0,023571","549,448364","0,257537","0,257537","8,4","96,3","1006,4","0,39",295.0,"597,1",,,,Erdre_aller_0712
07/12/2021,09:05:34,09:05:44,"7,53","16,94","28,05","41,07","0,023131","271,585327","0,272403","0,272403","8,4","96,3","1006,4","1,4",240.0,597,,,,Erdre_aller_0712
07/12/2021,09:05:44,09:05:54,"7,58","16,74","27,30","27,79","0,059139","139,576401","0,306703","0,306703","8,4","96,2","1006,4","1,24",310.0,"597,1",,,,Erdre_aller_0712
07/12/2021,09:05:54,09:06:04,"7,25","13,93","20,36","20,49","0,021309","116,578011","0,322425","0,322425","8,4","96,3","1006,4","1,57",322.0,"597,1",,,,Erdre_aller_0712
07/12/2021,09:06:04,09:06:14,"5,55","12,15","20,18","21,53","0,014209","104,903358","0,319025","0,319025","8,4","96,2","1006,3","0,55",324.0,"597,5",,,,Erdre_aller_0712
07/12/2021,09:06:14,09:06:24,"6,96","14,70","21,94","21,54","0,017779","83,087883","0,325812","0,325812","8,4","96,2","1006,2","1,43",331.0,"597,6",,,,Erdre_aller_0712
07/12/2021,09:06:24,09:06:34,"6,23","13,24","19,96","19,86","0,014732","88,603134","0,342807","0,342807","8,4","96,3","1006,1","1,38",332.0,"597,1",,,,Erdre_aller_0712
07/12/2021,09:06:34,09:06:44,"7,18","14,89","23,40","23,34","0,013890","84,985428","0,335075","0,335075","8,4","96,3","1006,1","1,16",10.0,597,,,,Erdre_aller_0712
07/12/2021,09:06:44,09:06:54,"6,57","11,51","15,63","16,26","0,016890","93,582932","0,337687","0,337687","8,4","96,3",1006,"0,47",195.0,"596,8",,,,Erdre_aller_0712
07/12/2021,09:06:54,09:07:04,"6,45","11,49","15,16","14,96","0,011319","93,772797","0,312868","0,312868","8,4","96,3","1005,9","0,67",171.0,"596,9",,,,Erdre_aller_0712
07/12/2021,09:07:04,09:07:14,"6,53","14,41","24,87","34,92","0,009191","81,729721","0,327363","0,327363","8,4","96,3","1005,9","0,1",164.0,"596,9",,,,Erdre_aller_0712
07/12/2021,09:07:14,09:07:24,"6,27","13,88","21,48","21,94","0,040907","84,528053","0,350371","0,350371","8,5","96,3","1005,9","0,16",320.0,"596,8",,,,Erdre_aller_0712
07/12/2021,09:07:24,09:07:34,"5,93","11,95","17,90","17,76","0,016384","84,260445","0,338049","0,338049","8,5","96,3","1005,9","1,55",303.0,"596,9",,,,Erdre_aller_0712
07/12/2021,09:07:34,09:07:44,"6,81","13,90","19,66","20,17","0,012531","78,560722","0,331590","0,331590","8,5","96,3","1005,9","0,61",283.0,"596,9",,,,Erdre_aller_0712
07/12/2021,09:07:44,09:07:54,"6,35","12,77","19,18","19,41","0,014492","80,999466","0,347297","0,347297","8,5","96,3","1005,9","0,91",350.0,"596,6",,,,Erdre_aller_0712
07/12/2021,09:07:54,09:08:04,"6,34","13,22","20,25","22,56","0,014167","81,183716","0,336759","0,336759","8,5","96,3","1005,9","0,52",224.0,"596,4",,,,Erdre_aller_0712
07/12/2021,09:08:04,09:08:14,"6,69","13,32","19,39","28,26","0,019103","81,454063","0,340671","0,340671","8,5","96,3",1006,"0,09",212.0,"596,3",,,,Erdre_aller_0712
07/12/2021,09:08:14,09:08:24,"6,03","11,76","16,52","24,74","0,032413","82,901115","0,343885","0,343885","8,5","96,2",1006,"0,55",46.0,"596,9",,,,Erdre_aller_0712
07/12/2021,09:08:24,09:08:34,"5,65","9,20","10,75","10,67","0,029990","81,819489","0,329919","0,329919","8,5","96,2",1006,"0,36",118.0,"597,2",,,,Erdre_aller_0712
07/12/2021,09:08:33,09:08:43,"6,52","12,67","16,48","16,25","0,005966","71,685440","0,319289","0,319289","8,5","96,2",1006,"0,87",353.0,"596,3",,,,Erdre_aller_0712
07/12/2021,09:08:44,09:08:54,"6,91","13,84","19,81","19,47","0,009899","82,994896","0,333228","0,333228","8,5","96,2",1006,"0,5",5.0,"596,3",,,,Erdre_aller_0712
07/12/2021,09:08:53,09:09:03,"6,83","14,47","24,67","27,47","0,013063","82,085670","0,347078","0,347078","8,5","96,2",1006,"0,6",38.0,"596,3",,,,Erdre_aller_0712
07/12/2021,09:09:04,09:09:14,"6,97","14,21","18,55","40,29","0,024391","85,614868","0,347970","0,347970","8,5","96,2",1006,"1,13",357.0,"596,3",,,,Erdre_aller_0712
07/12/2021,09:09:31,09:09:41,"6,53","12,96","19,71","22,32","0,115960","81,902115","0,354692","0,354692","8,5","96,1",1006,"0,66",148.0,"595,5",,,,Erdre_aller_0712
07/12/2021,09:09:32,09:09:42,"6,08","12,31","18,30","19,67","0,019361","85,891632","0,332228","0,332228","8,5","96,1",1006,"1,27",144.0,"596,8",,,,Erdre_aller_0712
07/12/2021,09:09:34,09:09:44,"6,17","12,27","18,66","20,03","0,015705","85,532059","0,324914","0,324914","8,5","96,1",1006,1,157.0,"596,5",,,,Erdre_aller_0712
07/12/2021,09:09:44,09:09:54,"7,10","14,95","22,10","30,13","0,016171","88,972748","0,320968","0,320968","8,5","96,1",1006,"0,56",55.0,"596,6",68.0,47.23659183830023,-1.5504683554172516,Erdre_aller_0712
07/12/2021,09:09:53,09:10:03,"6,63","13,89","22,01","27,33","0,033892","91,862221","0,340309","0,340309","8,5","96,1",1006,"0,3",147.0,596,,,,Erdre_aller_0712
07/12/2021,09:10:03,09:10:13,"6,55","14,48","25,02","25,05","0,027755","88,696205","0,335335","0,335335","8,5","96,1",1006,"0,51",31.0,"595,8",,,,Erdre_aller_0712
07/12/2021,09:10:13,09:10:23,"6,78","13,62","20,98","23,68","0,019339","89,600845","0,336719","0,336719","8,5","96,1",1006,"0,6",63.0,"596,3",56.0,47.23700594622642,-1.5508524980396032,Erdre_aller_0712
07/12/2021,09:10:23,09:10:33,"6,38","14,89","21,97","33,23","0,020479","88,424278","0,336116","0,336116","8,5","96,1",1006,"0,32",120.0,"595,9",57.0,47.23710170947015,-1.5509346406906843,Erdre_aller_0712
07/12/2021,09:10:34,09:10:44,"6,89","13,91","18,46","26,67","0,050176","89,146370","0,342322","0,342322","8,5","96,1",1006,"0,36",167.0,"596,3",58.0,47.23712790291757,-1.5511027816683054,Erdre_aller_0712
07/12/2021,09:10:44,09:10:54,"6,22","12,92","20,95","22,01","0,030570","90,869270","0,332884","0,332884","8,5","96,1",1006,"0,45",204.0,"596,2",,,,Erdre_aller_0712
07/12/2021,09:10:53,09:11:03,"6,40","11,69","17,16","18,25","0,017485","89,061554","0,326071","0,326071","8,5",96,1006,"0,21",2.0,"595,8",,,,Erdre_aller_0712
07/12/2021,09:11:03,09:11:13,"6,65","14,14","24,04","25,24","0,013911","89,787613","0,320147","0,320147","8,5",96,1006,"0,36",44.0,"595,7",,,,Erdre_aller_0712
07/12/2021,09:11:14,09:11:24,"6,40","15,40","26,82","32,75","0,020852","96,754768","0,325939","0,325939","8,5",96,"1005,9","0,8",236.0,"595,6",,,,Erdre_aller_0712
07/12/2021,09:11:23,09:11:33,"6,80","15,62","26,13","29,66","0,033220","94,940338","0,337436","0,337436","8,5","95,9","1005,9","0,78",178.0,"596,2",,,,Erdre_aller_0712
07/12/2021,09:11:33,09:11:43,"6,62","13,42","20,64","20,36","0,027006","92,675545","0,343095","0,343095","8,5","95,9",1006,"0,57",168.0,"595,8",,,,Erdre_aller_0712
07/12/2021,09:11:43,09:11:53,"7,42","16,57","26,95","33,46","0,014164","98,386436","0,319688","0,319688","8,5","95,9",1006,"0,4",16.0,"595,7",,,,Erdre_aller_0712
07/12/2021,09:11:53,09:12:03,"6,90","14,29","20,87","35,47","0,034295","92,943779","0,352841","0,352841","8,5","95,9","1005,9","0,46",336.0,"595,7",,,,Erdre_aller_0712
07/12/2021,09:12:03,09:12:13,"7,30","13,74","19,40","23,43","0,050607","99,830925","0,329158","0,329158","8,5","95,9",1006,"0,51",309.0,"597,5",,,,Erdre_aller_0712
07/12/2021,09:12:13,09:12:23,"6,44","14,65","20,11","44,17","0,021390","96,391823","0,328771","0,328771","8,5","95,9",1006,"0,27",347.0,"597,5",53.0,47.23720736335963,-1.5511077269911766,Erdre_aller_0712
07/12/2021,09:12:23,09:12:33,"6,44","14,23","22,97","25,07","0,069795","95,758598","0,327625","0,327625","8,6",96,"1006,1","0,56",101.0,"596,1",58.0,47.238086331635714,-1.5519397146999836,Erdre_aller_0712
07/12/2021,09:12:33,09:12:43,"6,32","14,22","22,94","31,16","0,021240","85,979324","0,340417","0,340417","8,6",96,"1006,2","0,28",326.0,"595,2",60.0,47.23815996665508,-1.5520568937063215,Erdre_aller_0712
07/12/2021,09:12:43,09:12:53,"5,96","12,71","20,44","22,94","0,035076","94,309906","0,329424","0,329424","8,6",96,"1006,3","0,57",310.0,"595,3",60.0,47.23824806045741,-1.552161080762744,Erdre_aller_0712
07/12/2021,09:12:53,09:13:03,"5,86","13,06","18,64","26,55","0,019905","88,156807","0,325168","0,325168","8,6","96,1","1006,4","0,56",34.0,595,59.0,47.23827488254756,-1.5522138867527246,Erdre_aller_0712
07/12/2021,09:13:03,09:13:13,"7,14","15,67","25,40","28,76","0,030836","85,620712","0,329948","0,329948","8,6","96,1","1006,5","0,57",324.0,"595,1",59.0,47.23827488254756,-1.5522138867527246,Erdre_aller_0712
07/12/2021,09:13:13,09:13:23,"6,05","12,71","20,96","22,52","0,025944","88,056297","0,353890","0,353890","8,6","96,1","1006,5","0,22",238.0,595,57.0,47.23828862886876,-1.552182538434863,Erdre_aller_0712
07/12/2021,09:13:24,09:13:34,"5,82","12,27","18,83","30,01","0,018793","85,802505","0,328063","0,328063","8,6","96,1","1006,5","0,18",205.0,"596,1",57.0,47.238321863114834,-1.552255041897297,Erdre_aller_0712
07/12/2021,09:13:33,09:13:43,"6,38","12,97","18,58","18,21","0,039587","91,236015","0,319411","0,319411",,,,,,,65.0,47.2383648622781,-1.552399042993784,Erdre_aller_0712
07/12/2021,09:13:43,09:13:53,"6,89","13,53","18,74","22,29","0,011853","96,486320","0,317481","0,317481","8,6","96,2","1006,7","0,34",267.0,"595,3",72.0,47.23850144539029,-1.552605740725994,Erdre_aller_0712
07/12/2021,09:13:53,09:14:03,"7,04","14,02","20,56","20,33","0,020284","103,004044","0,315752","0,315752",,,,,,,,,,Erdre_aller_0712
07/12/2021,09:14:03,09:14:13,"6,82","13,62","20,66","23,58","0,013925","102,640984","0,318319","0,318319",,,,,,,,,,Erdre_aller_0712
07/12/2021,09:14:13,09:14:23,"7,21","15,04","25,74","31,76","0,020658","107,077995","0,313459","0,313459","8,6","96,1","1006,8","0,9",22.0,"595,4",,,,Erdre_aller_0712
07/12/2021,09:14:23,09:14:33,"6,85","13,84","20,72","31,76","0,031577","106,983116","0,324283","0,324283","8,6","96,1","1006,9","1,03",39.0,"595,4",,,,Erdre_aller_0712
07/12/2021,09:14:33,09:14:43,"6,91","15,43","24,82","35,25","0,039201","106,533958","0,316190","0,316190","8,7","96,1","1006,9","1,73",28.0,"595,3",,,,Erdre_aller_0712
07/12/2021,09:14:43,09:14:53,"6,95","15,41","24,39","24,72","0,040986","110,152870","0,319619","0,319619","8,7","96,1","1006,8","1,2",27.0,"595,1",62.0,47.23891161382198,-1.5534366387873888,Erdre_aller_0712
07/12/2021,09:14:53,09:15:03,"7,63","15,20","22,57","22,99","0,018549","107,346611","0,320418","0,320418","8,7","96,1","1006,8","0,73",30.0,"594,9",61.0,47.23899342119694,-1.553540239110589,Erdre_aller_0712
07/12/2021,09:15:03,09:15:13,"6,72","14,11","20,81","28,05","0,016799","109,427902","0,321789","0,321789","8,7","96,1","1006,8","0,76",337.0,"594,9",,,,Erdre_aller_0712
07/12/2021,09:15:13,09:15:23,"6,92","13,76","20,48","24,47","0,030530","105,265953","0,317950","0,317950","8,7",96,"1006,7","0,34",33.0,595,,,,Erdre_aller_0712
07/12/2021,09:15:23,09:15:33,"6,68","12,60","18,55","22,57","0,022960","106,081596","0,315544","0,315544","8,7",96,"1006,7","0,91",331.0,"595,1",,,,Erdre_aller_0712
07/12/2021,09:15:33,09:15:43,"7,10","16,26","26,49","27,66","0,021496","109,434906","0,305103","0,305103","8,7",96,"1006,6","0,18",35.0,"595,4",,,,Erdre_aller_0712
07/12/2021,09:15:43,09:15:53,"6,37","15,71","27,78","29,63","0,022149","109,245895","0,323902","0,323902","8,7",96,"1006,7","1,68",21.0,595,76.0,47.23922287579626,-1.5538168419152498,Erdre_aller_0712
07/12/2021,09:15:53,09:16:03,"7,66","14,76","21,25","22,64","0,025386","107,073845","0,323799","0,323799","8,7",96,"1006,8","0,67",355.0,"594,8",67.0,47.23932257853448,-1.5539178438484669,Erdre_aller_0712
07/12/2021,09:16:03,09:16:13,"6,69","11,69","17,06","18,42","0,017256","109,973045","0,316976","0,316976","8,7",96,"1006,8","2,01",321.0,"594,7",67.0,47.23937555216253,-1.5540836378932,Erdre_aller_0712
07/12/2021,09:16:13,09:16:23,"7,01","16,18","27,86","40,24","0,014261","106,268318","0,301538","0,301538","8,7",96,"1006,9","0,51",331.0,"594,6",67.0,47.23941029515117,-1.5542451571673157,Erdre_aller_0712
07/12/2021,09:16:23,09:16:33,"6,74","13,65","21,77","24,84","0,048313","111,508240","0,325116","0,325116","8,7","95,9","1006,9","0,58",333.0,"594,6",67.0,47.23944047000259,-1.5543933492153883,Erdre_aller_0712
07/12/2021,09:16:33,09:16:43,"7,41","13,94","18,80","30,66","0,022065","111,606369","0,307611","0,307611","8,7","95,9",1007,"1,13",341.0,"594,7",68.0,47.23941658157855,-1.5545669384300709,Erdre_aller_0712
07/12/2021,09:16:43,09:16:53,"7,48","14,04","20,83","22,38","0,039662","118,576500","0,306767","0,306767","8,7","95,9",1007,"1,47",348.0,"595,3",67.0,47.23940090741962,-1.5547525975853205,Erdre_aller_0712
07/12/2021,09:16:53,09:17:03,"7,09","12,92","16,26","16,06","0,017637","110,336533","0,313520","0,313520","8,8","95,8",1007,"0,68",288.0,"596,7",,,,Erdre_aller_0712
07/12/2021,09:17:03,09:17:13,"6,44","12,03","17,93","27,46","0,009523","107,533836","0,305479","0,305479","8,8","95,8",1007,"0,55",333.0,"596,4",,,,Erdre_aller_0712
07/12/2021,09:17:13,09:17:23,"6,56","13,94","21,71","21,71","1,245178","103,993309","0,338368","0,338368","8,7","95,7",1007,"2,1",331.0,"596,4",,,,Erdre_aller_0712
07/12/2021,09:17:23,09:17:33,"6,95","15,94","27,78","33,88","0,015469","111,244217","0,307782","0,307782","8,8","95,7",1007,"2,11",345.0,"596,3",,,,Erdre_aller_0712
07/12/2021,09:17:33,09:17:43,"7,91","14,94","20,62","20,81","0,033802","112,959221","0,318608","0,318608","8,8","95,7","1006,9","1,5",310.0,"596,5",,,,Erdre_aller_0712
07/12/2021,09:17:43,09:17:53,"6,73","12,90","18,89","19,52","0,013954","109,157013","0,320161","0,320161","8,8","95,7","1006,9","1,36",314.0,"596,6",,,,Erdre_aller_0712
07/12/2021,09:17:53,09:18:03,"6,37","13,19","21,18","21,38","0,014329","110,612373","0,303619","0,303619","8,8","95,7","1006,9","1,24",357.0,"596,7",,,,Erdre_aller_0712
07/12/2021,09:18:03,09:18:13,"7,34","16,36","25,92","29,09","0,015898","108,710609","0,305791","0,305791","8,8","95,7","1006,9","1,9",19.0,"596,4",,,,Erdre_aller_0712
07/12/2021,09:18:13,09:18:23,"7,22","13,98","20,52","20,80","0,025417","112,867012","0,322490","0,322490","8,8","95,7","1006,9","0,61",23.0,"596,1",,,,Erdre_aller_0712
07/12/2021,09:18:23,09:18:33,"6,89","13,53","20,52","23,96","0,014716","106,896454","0,315351","0,315351","8,8","95,7","1006,9","1,11",2.0,596,,,,Erdre_aller_0712
07/12/2021,09:18:33,09:18:43,"7,34","15,06","23,16","23,89","0,022064","106,353897","0,313625","0,313625","8,8","95,7","1006,8",3,34.0,"596,3",,,,Erdre_aller_0712
07/12/2021,09:18:43,09:18:53,"7,48","14,39","20,88","20,63","0,018125","102,003548","0,327378","0,327378","8,8","95,7","1006,8","1,33",23.0,"596,4",,,,Erdre_aller_0712
07/12/2021,09:18:53,09:19:03,"6,63","14,22","23,15","27,99","0,013780","106,170380","0,319789","0,319789","8,8","95,6","1006,8","1,17",19.0,"596,6",,,,Erdre_aller_0712
07/12/2021,09:19:03,09:19:13,"7,06","14,39","22,51","24,14","0,027708","107,439247","0,315609","0,315609","8,8","95,6","1006,7","0,46",56.0,"596,6",,,,Erdre_aller_0712
07/12/2021,09:19:13,09:19:23,"6,99","15,58","27,34","29,65","0,019535","103,001396","0,322184","0,322184","8,8","95,7","1006,7","0,74",4.0,"596,3",,,,Erdre_aller_0712
07/12/2021,09:19:23,09:19:33,"7,28","15,13","24,82","29,77","0,025769","105,444214","0,324928","0,324928","8,8","95,7","1006,6","1,25",356.0,"595,8",,,,Erdre_aller_0712
07/12/2021,09:19:33,09:19:43,"8,37","15,99","22,63","22,55","0,635167","109,785576","0,334964","0,334964","8,8","95,7","1006,5","0,87",12.0,"596,1",,,,Erdre_aller_0712
07/12/2021,09:19:43,09:19:53,"6,80","11,44","15,93","16,50","0,015132","127,988937","0,309430","0,309430","8,8","95,7","1006,4","0,54",342.0,596,67.0,47.24090579431504,-1.5564704686403277,Erdre_aller_0712
07/12/2021,09:19:53,09:20:03,"7,59","14,88","20,99","21,45","0,011366","111,158844","0,295999","0,295999","8,8","95,7","1006,3","1,68",51.0,596,69.0,47.24090671632439,-1.556457057595253,Erdre_aller_0712
07/12/2021,09:20:03,09:20:13,"7,56","14,84","23,37","26,08","0,014821","108,704910","0,319308","0,319308","8,8","95,7","1006,3","1,54",1.0,"595,9",61.0,47.24090537521988,-1.556393438950181,Erdre_aller_0712
07/12/2021,09:20:13,09:20:23,"6,90","13,44","18,46","29,61","0,022504","102,546684","0,328136","0,328136","8,8","95,8","1006,3","1,19",41.0,"596,3",61.0,47.24090537521988,-1.556393438950181,Erdre_aller_0712
07/12/2021,09:20:23,09:20:33,"7,27","14,07","20,18","19,95","0,044355","100,829826","0,320367","0,320367","8,8","95,8","1006,3","0,82",44.0,"594,7",61.0,47.24090537521988,-1.556393438950181,Erdre_aller_0712
07/12/2021,09:20:34,09:20:44,"7,09","16,68","23,68","47,55","0,013321","98,565933","0,323843","0,323843","8,8","95,9","1006,2","1,75",139.0,"596,3",61.0,47.24090537521988,-1.556393438950181,Erdre_aller_0712
07/12/2021,09:20:43,09:20:53,"7,09","15,57","26,57","27,21","0,078522","109,334114","0,329378","0,329378","8,8","95,9","1006,2","1,92",133.0,"593,2",,,,Erdre_aller_0712
07/12/2021,09:20:54,09:21:04,"6,88","16,64","28,92","30,82","0,021464","107,526634","0,323036","0,323036","8,8",96,"1006,3","0,97",71.0,"594,5",74.0,47.240988817065954,-1.5563664492219689,Erdre_aller_0712
07/12/2021,09:21:03,09:21:13,"6,70","14,29","20,48","29,91","0,026437","103,359329","0,332673","0,332673","8,8",96,"1006,3","0,82",358.0,"593,4",67.0,47.24098705686629,-1.5563729032874107,Erdre_aller_0712
07/12/2021,09:21:13,09:21:23,"6,91","15,64","26,34","26,58","0,036575","105,265717","0,318705","0,318705","8,8",96,"1006,3","0,45",332.0,"593,5",61.0,47.24093827418983,-1.5563818719238045,Erdre_aller_0712
07/12/2021,09:21:23,09:21:33,"6,94","12,66","17,80","17,63","0,020385","104,628708","0,327161","0,327161","8,8",96,"1006,4","0,7",325.0,"593,4",61.0,47.24093764554709,-1.5563824586570263,Erdre_aller_0712
07/12/2021,09:21:34,09:21:44,"6,96","15,16","23,26","29,44","0,011423","106,356667","0,307260","0,307260","8,8","96,1","1006,4","1,77",1.0,"594,3",,,,Erdre_aller_0712
07/12/2021,09:21:44,09:21:54,"7,25","13,85","20,85","21,31","0,030539","113,323090","0,314549","0,314549","8,7","96,1","1006,4","1,43",336.0,"594,5",,,,Erdre_aller_0712
07/12/2021,09:21:53,09:22:03,"7,40","12,02","14,59","14,44","0,015738","119,844994","0,303888","0,303888","8,8","96,1","1006,5","1,99",6.0,593,,,,Erdre_aller_0712
07/12/2021,09:22:03,09:22:13,"7,91","14,03","18,10","21,40","0,008049","123,652550","0,291731","0,291731","8,8","96,1","1006,5","1,15",26.0,"593,1",,,,Erdre_aller_0712
07/12/2021,09:22:14,09:22:24,"8,31","18,01","25,01","54,92","0,624780","121,830574","0,318848","0,318848","8,8","96,2","1006,5","1,94",30.0,"594,2",,,,Erdre_aller_0712
07/12/2021,09:22:24,09:22:34,"6,76","13,21","20,76","24,52","0,164802","117,386086","0,336713","0,336713","8,8","96,2","1006,6","1,38",46.0,594,,,,Erdre_aller_0712
07/12/2021,09:22:34,09:22:44,"8,07","14,95","19,45","19,18","0,023148","114,142365","0,304054","0,304054","8,8","96,2","1006,6","1,69",25.0,"594,1",,,,Erdre_aller_0712
07/12/2021,09:22:44,09:22:54,"7,20","14,10","21,45","24,20","0,011756","116,310089","0,314174","0,314174","8,8","96,2","1006,6","1,94",36.0,"594,1",,,,Erdre_aller_0712
07/12/2021,09:22:54,09:23:04,"7,92","14,41","19,81","23,40","0,021095","111,333092","0,311570","0,311570","8,8","96,2","1006,7","0,28",311.0,"594,5",,,,Erdre_aller_0712
07/12/2021,09:23:04,09:23:14,"6,97","13,84","22,15","22,78","0,020376","113,504166","0,314466","0,314466","8,8","96,2","1006,7","2,77",332.0,"594,6",,,,Erdre_aller_0712
07/12/2021,09:23:14,09:23:24,"7,17","16,00","26,13","30,94","0,017290","108,617371","0,312290","0,312290","8,8","96,2","1006,6","1,89",6.0,"594,2",,,,Erdre_aller_0712
07/12/2021,09:23:23,09:23:33,"7,01","14,84","22,52","22,34","0,029919","110,514099","0,321881","0,321881","8,8","96,2","1006,5","1,47",341.0,"592,9",,,,Erdre_aller_0712
07/12/2021,09:23:34,09:23:44,"7,90","16,27","22,92","26,17","0,015449","113,233986","0,311341","0,311341","8,8","96,2","1006,5","0,89",283.0,"593,9",,,,Erdre_aller_0712
07/12/2021,09:23:44,09:23:54,"6,72","14,01","21,56","23,84","0,628675","115,668747","0,334425","0,334425","8,8","96,2","1006,5","3,17",2.0,"593,9",,,,Erdre_aller_0712
07/12/2021,09:23:54,09:24:04,"6,67","12,67","17,84","23,92","0,020198","105,719414","0,315599","0,315599","8,8","96,2","1006,5","1,87",337.0,"593,8",,,,Erdre_aller_0712
07/12/2021,09:24:04,09:24:14,"7,12","12,60","16,40","16,15","0,025792","109,073349","0,304014","0,304014","8,8","96,2","1006,6","3,24",1.0,"593,8",,,,Erdre_aller_0712
07/12/2021,09:24:14,09:24:24,"7,23","15,35","22,82","23,22","0,009569","109,887726","0,304917","0,304917","8,9","96,2","1006,6","1,57",340.0,"593,9",,,,Erdre_aller_0712
07/12/2021,09:24:24,09:24:34,"6,90","15,59","27,77","30,22","0,016830","111,149704","0,317126","0,317126","8,9","96,1","1006,7","1,76",344.0,"594,1",,,,Erdre_aller_0712
07/12/2021,09:24:34,09:24:44,"6,62","12,84","20,35","22,20","0,026638","107,526787","0,322802","0,322802","8,9","96,1","1006,7","2,65",357.0,"593,9",,,,Erdre_aller_0712
07/12/2021,09:24:44,09:24:54,"7,28","15,12","22,47","22,53","0,018472","112,062080","0,300562","0,300562","8,9","96,1","1006,7","1,82",345.0,"593,7",,,,Erdre_aller_0712
07/12/2021,09:24:54,09:25:04,"7,67","16,02","25,02","31,19","0,015889","114,047325","0,314191","0,314191","8,9",96,"1006,7","3,3",7.0,"593,6",,,,Erdre_aller_0712
07/12/2021,09:25:04,09:25:14,"7,35","16,94","25,75","28,53","0,031110","113,410156","0,321993","0,321993","8,9",96,"1006,7","2,34",44.0,"593,8",,,,Erdre_aller_0712
07/12/2021,09:25:14,09:25:24,"6,87","12,55","15,59","26,99","0,023987","112,775734","0,324175","0,324175","8,9","95,9","1006,7","0,16",90.0,594,,,,Erdre_aller_0712
07/12/2021,09:25:24,09:25:34,"7,35","15,81","24,91","28,67","0,044195","109,253654","0,305819","0,305819","8,9","95,9","1006,7","0,98",13.0,593,,,,Erdre_aller_0712
07/12/2021,09:25:34,09:25:44,"7,08","15,15","23,34","25,36","0,025798","111,147835","0,321309","0,321309",9,"95,8","1006,7","1,31",69.0,"592,7",,,,Erdre_aller_0712
07/12/2021,09:25:44,09:25:54,"7,11","16,54","26,52","26,81","0,020753","114,862885","0,312035","0,312035",9,"95,8","1006,7","0,84",50.0,"593,1",,,,Erdre_aller_0712
07/12/2021,09:25:54,09:26:04,"7,07","16,79","28,71","29,93","0,020268","116,308327","0,318251","0,318251",9,"95,8","1006,7","1,06",10.0,"592,9",,,,Erdre_aller_0712
07/12/2021,09:26:04,09:26:14,"6,95","14,66","20,53","20,13","0,024502","110,512749","0,324689","0,324689",9,"95,8","1006,7","1,61",62.0,"593,1",,,,Erdre_aller_0712
07/12/2021,09:26:14,09:26:24,"6,84","14,37","21,19","26,49","0,013088","106,352425","0,317418","0,317418",9,"95,7","1006,6","0,4",34.0,"593,9",48.0,47.243423173204064,-1.5552683360874653,Erdre_aller_0712
07/12/2021,09:26:24,09:26:34,"7,43","13,72","19,46","20,87","0,026361","112,781731","0,310349","0,310349",9,"95,7","1006,6","0,23",153.0,"593,9",56.0,47.24328885320574,-1.5552291087806225,Erdre_aller_0712
07/12/2021,09:26:34,09:26:44,"7,41","14,47","21,21","21,57","0,015870","108,798073","0,312795","0,312795",9,"95,6","1006,6","0,45",340.0,594,55.0,47.24322846159339,-1.5550826769322157,Erdre_aller_0712
07/12/2021,09:26:44,09:26:54,"7,26","12,91","18,54","18,87","0,015493","113,053047","0,311056","0,311056",9,"95,6","1006,6","0,31",58.0,"594,4",54.0,47.24320096895099,-1.5549363289028406,Erdre_aller_0712
07/12/2021,09:26:54,09:27:04,"7,03","14,81","23,24","22,94","0,013207","108,437943","0,308471","0,308471",9,"95,5","1006,6","0,15",130.0,"594,1",55.0,47.24315851461142,-1.5547667630016804,Erdre_aller_0712
07/12/2021,09:27:04,09:27:14,"7,51","14,91","23,34","27,50","0,016117","106,894875","0,318751","0,318751",9,"95,5","1006,6","0,13",24.0,"593,9",55.0,47.243143427185714,-1.554721836000681,Erdre_aller_0712
07/12/2021,09:27:14,09:27:24,"7,17","14,80","19,78","44,70","0,025162","114,318222","0,315678","0,315678",9,"95,5","1006,6","0,41",169.0,"593,9",55.0,47.243143427185714,-1.554721836000681,Erdre_aller_0712
07/12/2021,09:27:24,09:27:34,"8,16","17,41","27,42","27,07","0,105929","118,936577","0,310755","0,310755",9,"95,4","1006,5","0,83",202.0,"593,8",54.0,47.24313232116401,-1.554577499628067,Erdre_aller_0712
07/12/2021,09:27:34,09:27:44,"7,53","12,09","14,07","13,98","0,019285","109,693642","0,335826","0,335826",9,"95,4","1006,5","0,13",291.0,594,57.0,47.24315595813096,-1.554396953433752,Erdre_aller_0712
07/12/2021,09:27:44,09:27:54,"6,65","17,12","31,58","38,55","0,007730","107,624046","0,306180","0,306180",9,"95,4","1006,5","0,11",6.0,594,58.0,47.24314191844314,-1.5542450733482838,Erdre_aller_0712
07/12/2021,09:27:54,09:28:04,"7,31","15,65","21,87","33,17","0,040066","105,258965","0,335470","0,335470",9,"95,3","1006,5","0,46",132.0,"594,2",57.0,47.24310017656535,-1.5540878288447857,Erdre_aller_0712
07/12/2021,09:28:04,09:28:14,"7,20","12,33","15,07","23,01","0,049230","100,190750","0,334964","0,334964","8,9","95,3","1006,5","0,27",30.0,594,56.0,47.24306710995734,-1.5539352782070637,Erdre_aller_0712
07/12/2021,09:28:14,09:28:24,"7,18","15,24","23,88","24,23","0,027034","102,280731","0,313844","0,313844",9,"95,3","1006,5","0,07",322.0,594,55.0,47.24304988514632,-1.5537962224334478,Erdre_aller_0712
07/12/2021,09:28:24,09:28:34,"7,23","13,72","19,12","20,07","0,017924","108,885765","0,319614","0,319614",9,"95,3","1006,5","1,12",70.0,"593,6",57.0,47.24307327065617,-1.5536199510097504,Erdre_aller_0712
07/12/2021,09:28:34,09:28:44,"7,73","16,10","25,79","28,52","0,014198","112,420425","0,308917","0,308917",9,"95,3","1006,5","1,1",96.0,"593,3",58.0,47.24310135003179,-1.553470250219107,Erdre_aller_0712
07/12/2021,09:28:44,09:28:54,"6,47","12,21","17,79","17,75","0,024625","109,334602","0,328330","0,328330","8,9","95,3","1006,5","0,59",49.0,"593,3",56.0,47.24313990678638,-1.5533309429883957,Erdre_aller_0712
07/12/2021,09:28:54,09:29:04,"7,13","15,73","25,17","25,37","0,012059","105,724281","0,303858","0,303858","8,9","95,3","1006,5","1,34",78.0,"593,4",55.0,47.24318047519773,-1.553225414827466,Erdre_aller_0712
07/12/2021,09:29:04,09:29:14,"7,17","15,94","25,65","28,33","0,018976","104,719528","0,326077","0,326077","8,9","95,2","1006,5","1,15",45.0,"593,4",54.0,47.243217271752656,-1.5531041286885738,Erdre_aller_0712
07/12/2021,09:29:14,09:29:24,"7,43","15,56","22,03","21,70","0,024505","96,750267","0,338386","0,338386","8,9","95,2","1006,5","1,5",73.0,"593,5",55.0,47.24325876217336,-1.5529797412455082,Erdre_aller_0712
07/12/2021,09:29:24,09:29:34,"8,30","14,94","18,85","28,29","0,014410","99,557800","0,333258","0,333258","8,9","95,2","1006,5","1,44",67.0,"593,6",54.0,47.24329807329923,-1.5528471395373344,Erdre_aller_0712
07/12/2021,09:29:34,09:29:44,"7,44","15,69","23,03","22,84","0,034380","115,312492","0,318547","0,318547","8,9","95,2","1006,4","1,43",49.0,"593,5",54.0,47.24333084654063,-1.552700288593769,Erdre_aller_0712
07/12/2021,09:29:44,09:29:54,"7,22","13,65","19,44","19,23","0,015593","116,038559","0,314266","0,314266","8,9","95,2","1006,5","1,39",41.0,"593,4",52.0,47.24336567334831,-1.5525790862739086,Erdre_aller_0712
07/12/2021,09:29:54,09:30:04,"7,08","15,44","22,83","38,90","0,012899","113,598114","0,306661","0,306661","8,9","95,2","1006,5","0,29",323.0,"593,1",52.0,47.243392202071846,-1.5524472389370203,Erdre_aller_0712
07/12/2021,09:30:04,09:30:14,"6,86","13,22","20,72","28,28","0,059193","110,514320","0,321224","0,321224","8,9","95,2","1006,5","1,31",205.0,593,54.0,47.24339379463345,-1.5523419622331858,Erdre_aller_0712
07/12/2021,09:30:14,09:30:24,"7,21","14,59","20,23","28,18","0,030900","110,881821","0,308558","0,308558","8,9","95,2","1006,4","1,96",192.0,"593,4",55.0,47.2433680202812,-1.5522940177470446,Erdre_aller_0712
07/12/2021,09:30:24,09:30:34,"6,97","13,48","19,50","19,26","0,031749","106,441933","0,319829","0,319829","8,9","95,2","1006,4","3,06",188.0,"593,4",56.0,47.24339387845248,-1.55219460837543,Erdre_aller_0712
07/12/2021,09:30:34,09:30:44,"7,06","15,48","24,69","26,14","0,012796","107,622475","0,310069","0,310069","8,9","95,3","1006,4","2,52",181.0,"593,6",54.0,47.24339672829956,-1.5520755015313623,Erdre_aller_0712
07/12/2021,09:30:44,09:30:54,"7,07","16,22","27,06","31,73","0,021056","105,987991","0,322916","0,322916","8,9","95,3","1006,5","1,76",175.0,"593,2",55.0,47.24342937581241,-1.5519594959914684,Erdre_aller_0712
07/12/2021,09:30:54,09:31:04,"6,86","15,55","21,82","51,55","0,030464","109,607567","0,324809","0,324809","8,9","95,4","1006,5","0,81",155.0,593,59.0,47.24346851930022,-1.551792612299323,Erdre_aller_0712
07/12/2021,09:31:04,09:31:14,"6,63","13,49","19,76","19,51","0,090940","111,149300","0,317946","0,317946","8,9","95,5","1006,4","0,6",168.0,593,59.0,47.243482349440455,-1.5516290813684464,Erdre_aller_0712
07/12/2021,09:31:14,09:31:24,"6,80","12,24","15,93","15,71","0,013198","105,540733","0,310082","0,310082","8,9","95,6","1006,4","1,27",151.0,"592,9",61.0,47.24347660783678,-1.5514813922345638,Erdre_aller_0712
07/12/2021,09:31:24,09:31:34,"6,89","13,95","21,13","22,16","0,009499","103,641434","0,306235","0,306235","8,9","95,6","1006,4","0,32",130.0,"592,9",61.0,47.24348821677268,-1.5513430908322334,Erdre_aller_0712
07/12/2021,09:31:34,09:31:44,"6,43","12,71","17,89","17,62","0,017009","103,365944","0,316078","0,316078","8,9","95,6","1006,4","0,37",128.0,"592,9",62.0,47.24347342271358,-1.5511807333678007,Erdre_aller_0712
07/12/2021,09:31:44,09:31:54,"6,49","12,79","17,85","17,68","0,011295","99,295242","0,309859","0,309859","8,9","95,6","1006,4","0,34",169.0,"593,1",60.0,47.24346323870122,-1.5510308649390936,Erdre_aller_0712
07/12/2021,09:31:54,09:32:04,"7,52","14,83","20,22","19,90","0,011585","104,818024","0,306519","0,306519","8,9","95,7","1006,4","0,52",38.0,"592,9",60.0,47.24346193950623,-1.5509263426065445,Erdre_aller_0712
07/12/2021,09:32:04,09:32:14,"7,82","14,95","19,62","19,34","0,012710","109,972847","0,317586","0,317586","8,9","95,7","1006,4","0,45",188.0,"592,9",64.0,47.2434689803049,-1.5507626440376043,Erdre_aller_0712
07/12/2021,09:32:14,09:32:24,"7,01","12,44","17,87","17,75","0,011886","114,409920","0,312812","0,312812","8,9","95,7","1006,4","0,61",246.0,593,61.0,47.243476775474846,-1.550567513331771,Erdre_aller_0712
07/12/2021,09:32:23,09:32:33,"7,30","15,39","24,44","27,38","0,011684","110,431442","0,303025","0,303025","8,9","95,7","1006,3","0,64",7.0,"591,7",59.0,47.24349731113762,-1.5504038147628307,Erdre_aller_0712
07/12/2021,09:32:34,09:32:44,"7,93","16,91","25,69","27,06","0,023992","111,329536","0,319610","0,319610","8,9","95,7","1006,4","1,28",26.0,"592,6",60.0,47.24348545074463,-1.5502327401190996,Erdre_aller_0712
07/12/2021,09:32:44,09:32:54,"7,37","13,79","19,43","20,35","0,021128","113,045975","0,327074","0,327074","8,9","95,7","1006,5","0,92",104.0,"592,6",60.0,47.24352719262242,-1.5500707179307938,Erdre_aller_0712
07/12/2021,09:32:53,09:33:03,"7,87","14,29","18,41","18,16","0,014676","109,341545","0,312035","0,312035","8,8","95,7","1006,6","0,81",79.0,"591,8",55.0,47.24351621232927,-1.5499228611588478,Erdre_aller_0712
07/12/2021,09:33:04,09:33:14,"6,47","12,44","17,62","17,43","0,010897","115,769264","0,309711","0,309711","8,9","95,7","1006,6","0,32",133.0,594,57.0,47.24354919511825,-1.549748769029975,Erdre_aller_0712
07/12/2021,09:33:14,09:33:24,"8,04","15,35","21,48","21,25","0,011414","107,626228","0,301197","0,301197","8,8","95,6","1006,6","0,13",93.0,"593,8",57.0,47.24356553982943,-1.5495632775127888,Erdre_aller_0712
07/12/2021,09:33:24,09:33:34,"6,99","13,33","19,47","21,43","0,013933","112,597229","0,318108","0,318108","8,9","95,6","1006,6","1,58",63.0,"593,4",57.0,47.24356503691524,-1.5494336932897568,Erdre_aller_0712
07/12/2021,09:33:34,09:33:44,"7,18","16,10","26,79","30,51","0,017063","109,614632","0,308158","0,308158","8,8","95,6","1006,6","1,19",130.0,"593,3",56.0,47.24358188454062,-1.5492947213351729,Erdre_aller_0712
07/12/2021,09:33:43,09:33:53,"7,52","16,52","25,48","35,55","0,027609","111,418793","0,322596","0,322596","8,8","95,6","1006,6","0,94",28.0,"591,4",58.0,47.24358993116766,-1.5491901990026236,Erdre_aller_0712
07/12/2021,09:33:54,09:34:04,"7,95","16,88","24,27","32,12","0,042554","114,495544","0,324028","0,324028","8,8","95,6","1006,6","0,62",359.0,"593,1",58.0,47.24358762614429,-1.549087604507804,Erdre_aller_0712
07/12/2021,09:34:03,09:34:13,"7,64","15,69","25,12","28,67","0,034903","114,947372","0,325662","0,325662","8,9","95,6","1006,6","1,15",76.0,"591,4",55.0,47.24360015708953,-1.548932958394289,Erdre_aller_0712
07/12/2021,09:34:14,09:34:24,"7,97","16,24","23,62","26,25","0,025662","114,588234","0,318929","0,318929","8,9","95,7","1006,6","1,41",8.0,"593,1",56.0,47.24359290674329,-1.548790130764246,Erdre_aller_0712
07/12/2021,09:34:23,09:34:33,"7,59","13,71","18,93","18,90","0,021479","116,307213","0,320637","0,320637","8,9","95,7","1006,6","1,31",138.0,"590,9",59.0,47.24355816375464,-1.5486465487629175,Erdre_aller_0712
07/12/2021,09:34:48,09:34:58,"7,14","13,57","20,17","20,28","0,012326","112,057938","0,309769","0,309769","8,9","95,7","1006,6","0,91",192.0,"591,4",52.0,47.24344940856099,-1.5483681857585907,Erdre_aller_0712
07/12/2021,09:34:49,09:34:59,"7,07","14,20","22,46","22,61","0,014143","111,968811","0,306528","0,306528","8,9","95,8","1006,6","1,01",177.0,"591,4",52.0,47.24343893118203,-1.5483546908944843,Erdre_aller_0712
07/12/2021,09:34:53,09:35:03,"7,49","14,56","22,17","22,37","0,016465","111,243149","0,310090","0,310090","8,9","95,8","1006,6","1,14",192.0,"590,6",51.0,47.24340125452727,-1.5482970234006643,Erdre_aller_0712
07/12/2021,09:35:03,09:35:13,"7,82","17,28","28,23","28,98","0,016042","110,336052","0,314573","0,314573","8,9","95,8","1006,6","1,31",187.0,"591,2",47.0,47.24335393868387,-1.5481706243008375,Erdre_aller_0712
07/12/2021,09:35:13,09:35:23,"7,25","13,94","21,91","24,29","0,022724","111,052620","0,332177","0,332177","8,9","95,8","1006,5","1,01",164.0,"591,3",45.0,47.24333885125816,-1.5480286348611116,Erdre_aller_0712
07/12/2021,09:35:23,09:35:33,"7,25","15,71","24,44","40,79","0,020430","104,450371","0,320192","0,320192","8,9","95,8","1006,6","1,03",169.0,"591,9",48.0,47.243328960612416,-1.547916317358613,Erdre_aller_0712
07/12/2021,09:35:34,09:35:44,"7,42","16,71","26,70","27,40","0,053641","109,153893","0,327577","0,327577","8,9","95,7","1006,6","0,25",36.0,"591,2",50.0,47.24333134945482,-1.5479017328470943,Erdre_aller_0712
07/12/2021,09:35:43,09:35:53,"7,38","16,68","27,23","28,91","0,020852","104,897629","0,333429","0,333429","8,9","95,7","1006,6","1,69",28.0,"592,8",52.0,47.24335988983512,-1.5478620026260614,Erdre_aller_0712
07/12/2021,09:35:53,09:36:03,"7,62","14,15","19,49","19,55","0,023632","107,704330","0,331200","0,331200","8,9","95,7","1006,6","1,68",88.0,"592,8",51.0,47.24333889316768,-1.5478249546140432,Erdre_aller_0712
07/12/2021,09:36:03,09:36:13,"7,45","17,08","26,99","48,87","0,013001","104,541443","0,319349","0,319349","8,9","95,6","1006,6",1,68.0,"592,7",54.0,47.24334773607552,-1.5477689635008574,Erdre_aller_0712
07/12/2021,09:36:13,09:36:23,"8,14","15,98","22,57","22,14","0,132053","108,697647","0,336262","0,336262","8,9","95,5","1006,6","1,28",78.0,"592,7",53.0,47.24342128727585,-1.5476568136364222,Erdre_aller_0712
07/12/2021,09:36:23,09:36:33,"6,48","13,41","20,35","23,95","0,014475","107,523682","0,330309","0,330309","8,9","95,4","1006,6","0,53",74.0,"592,8",53.0,47.24348943214864,-1.5475551411509514,Erdre_aller_0712
07/12/2021,09:36:33,09:36:43,"6,81","13,59","20,60","20,39","0,628411","106,440475","0,326420","0,326420","8,9","95,3","1006,6","0,96",7.0,"592,8",55.0,47.24355363752693,-1.5474732499569654,Erdre_aller_0712
07/12/2021,09:36:43,09:36:53,"7,19","15,07","23,05","23,44","0,014177","102,370300","0,316106","0,316106","8,9","95,2","1006,6","0,24",65.0,"593,1",54.0,47.24362169858068,-1.547410385683179,Erdre_aller_0712
07/12/2021,09:36:53,09:37:03,"6,96","15,31","23,97","24,12","0,017325","101,008278","0,326838","0,326838","8,8","95,1","1006,5","0,54",23.0,"592,7",55.0,47.24370107520372,-1.5473265666514635,Erdre_aller_0712
07/12/2021,09:37:03,09:37:13,"7,37","15,08","21,90","22,08","0,017720","99,378212","0,329694","0,329694","8,8","95,1","1006,5","1,18",23.0,"592,5",57.0,47.24377114791423,-1.54729463160038,Erdre_aller_0712
07/12/2021,09:37:13,09:37:23,"7,51","15,45","23,91","24,53","0,015257","106,350288","0,322082","0,322082","8,8",95,"1006,5","0,84",345.0,"592,2",,,,Erdre_aller_0712
07/12/2021,09:37:23,09:37:33,"6,72","11,95","17,54","18,91","0,018586","102,364334","0,331098","0,331098","8,8","95,1","1006,4","0,6",27.0,"592,5",66.0,47.244035890325904,-1.547090029343963,Erdre_aller_0712
07/12/2021,09:37:33,09:37:43,"7,47","16,10","24,39","24,01","0,014650","100,200371","0,310001","0,310001","8,8","95,2","1006,3","0,72",352.0,"592,4",52.0,47.24404775071889,-1.5471017640084028,Erdre_aller_0712
07/12/2021,09:37:43,09:37:53,"7,16","12,75","16,99","17,26","0,016595","103,088150","0,332094","0,332094","8,8","95,4","1006,3","0,85",358.0,"592,4",50.0,47.24412482231856,-1.5470243990421295,Erdre_aller_0712
07/12/2021,09:37:53,09:38:03,"6,92","14,85","23,48","24,76","0,011201","100,741570","0,314986","0,314986","8,8","95,5","1006,3","1,1",13.0,"592,3",52.0,47.24421999882907,-1.546969162300229,Erdre_aller_0712
07/12/2021,09:38:03,09:38:13,"7,14","15,81","24,17","43,76","0,019623","97,930443","0,328505","0,328505","8,8","95,6","1006,3","1,06",16.0,"592,5",53.0,47.2443287121132,-1.5468900371342895,Erdre_aller_0712
07/12/2021,09:38:13,09:38:23,"7,19","14,92","22,78","31,52","0,178102","100,369659","0,340045","0,340045","8,8","95,7","1006,3","0,83",20.0,"592,7",52.0,47.24442405626178,-1.5468073077499866,Erdre_aller_0712
07/12/2021,09:38:23,09:38:33,"6,97","14,04","18,18","27,60","0,036126","95,664551","0,337580","0,337580","8,8","95,8","1006,3","0,93",20.0,"592,7",53.0,47.24452350754291,-1.5467425994575024,Erdre_aller_0712
07/12/2021,09:38:33,09:38:43,"6,28","12,73","19,40","19,42","0,034229","100,466682","0,323493","0,323493","8,8","95,8","1006,2","1,45",11.0,"591,1",53.0,47.24460879340768,-1.5466791484504938,Erdre_aller_0712
07/12/2021,09:38:43,09:38:53,"6,91","13,35","19,07","18,86","0,013792","95,401085","0,315522","0,315522","8,8","95,9","1006,2","0,94",305.0,"590,9",54.0,47.24469525273889,-1.5466137696057558,Erdre_aller_0712
07/12/2021,09:38:53,09:39:03,"7,17","15,47","23,12","27,10","0,012490","99,563423","0,318516","0,318516","8,8","95,9","1006,2","0,91",10.0,"590,2",49.0,47.2448200173676,-1.54655241407454,Erdre_aller_0712
07/12/2021,09:39:03,09:39:13,"6,66","12,65","19,14","18,92","0,024922","101,278297","0,331093","0,331093","8,8","95,9","1006,2","0,63",13.0,"590,1",,,,Erdre_aller_0712
07/12/2021,09:39:13,09:39:23,"6,84","12,40","18,64","19,75","0,013040","96,667831","0,316603","0,316603","8,8",96,"1006,2","0,63",13.0,"590,1",,,,Erdre_aller_0712
07/12/2021,09:39:23,09:39:33,"7,04","15,60","25,49","27,16","0,015300","101,194717","0,313324","0,313324","8,8","96,1","1006,2","1,45",71.0,"590,2",,,,Erdre_aller_0712
07/12/2021,09:39:33,09:39:43,"7,02","12,05","16,50","16,80","0,022150","98,018288","0,335593","0,335593","8,8","96,1","1006,2","0,77",15.0,"590,3",,,,Erdre_aller_0712
07/12/2021,09:39:43,09:39:53,"7,37","13,51","18,59","21,46","0,011336","105,632675","0,306586","0,306586","8,9","96,1","1006,2","1,1",35.0,590,,,,Erdre_aller_0712
07/12/2021,09:39:53,09:40:03,"6,97","13,23","18,73","25,37","0,018145","103,546135","0,318037","0,318037","8,8","96,1","1006,2","1,09",25.0,"589,8",,,,Erdre_aller_0712
07/12/2021,09:40:03,09:40:13,"7,16","13,98","20,84","21,09","0,026584","103,818901","0,315297","0,315297","8,8","96,1","1006,2","0,93",0.0,"589,8",,,,Erdre_aller_0712
07/12/2021,09:40:13,09:40:23,"6,86","12,36","18,30","18,60","0,015001","106,624779","0,315258","0,315258","8,8","96,1","1006,3","1,2",17.0,"589,7",,,,Erdre_aller_0712
07/12/2021,09:40:23,09:40:33,"7,19","14,57","19,33","30,70","0,013174","103,459221","0,309101","0,309101","8,8","96,1","1006,3","0,52",54.0,"589,6",,,,Erdre_aller_0712
07/12/2021,09:40:33,09:40:43,"7,02","15,03","22,63","27,24","0,047307","105,173332","0,323028","0,323028","8,8","96,1","1006,3","1,04",80.0,"589,7",,,,Erdre_aller_0712
07/12/2021,09:40:43,09:40:53,"7,32","13,32","17,29","17,03","0,026084","108,523743","0,319841","0,319841","8,8","96,1","1006,3","0,28",8.0,"589,9",,,,Erdre_aller_0712
07/12/2021,09:40:53,09:41:03,"7,07","16,40","25,55","46,36","0,010213","101,826736","0,317657","0,317657","8,8",96,"1006,3","0,79",41.0,"589,8",,,,Erdre_aller_0712
07/12/2021,09:41:03,09:41:13,"7,67","15,59","23,74","24,11","0,182586","96,292671","0,351608","0,351608","8,9",96,"1006,4","0,18",300.0,"589,9",,,,Erdre_aller_0712
07/12/2021,09:41:13,09:41:23,"7,73","13,06","16,22","16,05","0,017508","105,080757","0,328351","0,328351","8,9","96,1","1006,5","0,79",334.0,"589,6",,,,Erdre_aller_0712
07/12/2021,09:41:23,09:41:33,"7,03","15,90","27,00","27,08","0,009348","99,381584","0,320813","0,320813","8,9","96,1","1006,5","0,55",55.0,"589,4",,,,Erdre_aller_0712
07/12/2021,09:41:33,09:41:43,"7,18","13,84","19,32","19,01","0,020947","99,828781","0,334369","0,334369","8,9","96,1","1006,5","0,45",50.0,"589,4",57.0,47.24579269532114,-1.546049164608121,Erdre_aller_0712
07/12/2021,09:41:43,09:41:53,"7,77","16,12","24,55","24,60","0,012222","103,546402","0,317326","0,317326","8,9","96,1","1006,5","1,17",127.0,"589,5",,,,Erdre_aller_0712
07/12/2021,09:41:53,09:42:03,"7,20","14,35","20,69","24,34","0,017505","102,724777","0,335214","0,335214","8,9","96,1","1006,5","2,03",127.0,"589,6",,,,Erdre_aller_0712
07/12/2021,09:42:03,09:42:13,"7,47","15,25","23,31","25,85","0,021991","105,626534","0,321410","0,321410","8,9","96,1","1006,5","1,2",145.0,"589,6",,,,Erdre_aller_0712
07/12/2021,09:42:13,09:42:23,"7,43","16,01","24,51","24,06","0,021577","102,092949","0,330861","0,330861","8,9","96,1","1006,5","1,28",162.0,"589,6",,,,Erdre_aller_0712
07/12/2021,09:42:23,09:42:33,"6,98","16,68","27,84","30,53","0,016787","106,619400","0,328442","0,328442","8,9",96,"1006,5","1,31",154.0,"589,6",,,,Erdre_aller_0712
07/12/2021,09:42:33,09:42:43,"7,26","15,77","24,43","32,93","0,026555","98,015991","0,341535","0,341535","8,9",96,"1006,5","1,19",96.0,"589,2",,,,Erdre_aller_0712
07/12/2021,09:42:43,09:42:53,"7,57","15,40","22,73","26,31","0,037063","103,088341","0,331569","0,331569","8,9",96,"1006,5","0,79",198.0,"589,2",,,,Erdre_aller_0712
07/12/2021,09:42:53,09:43:03,"6,77","13,81","21,17","21,34","0,629854","104,804527","0,343246","0,343246","8,9","95,9","1006,5","2,12",165.0,589,,,,Erdre_aller_0712
07/12/2021,09:43:03,09:43:13,"7,86","13,83","18,86","19,08","0,015431","106,264000","0,311930","0,311930","8,9","95,9","1006,5","2,43",136.0,589,,,,Erdre_aller_0712
07/12/2021,09:43:13,09:43:23,"6,75","13,35","18,62","24,13","0,012524","106,803871","0,319845","0,319845","8,9","95,9","1006,4","2,06",142.0,"589,5",,,,Erdre_aller_0712
07/12/2021,09:43:23,09:43:33,"7,35","13,04","17,97","17,87","0,024630","103,457039","0,314804","0,314804","8,9","95,9","1006,4","0,8",292.0,"589,8",,,,Erdre_aller_0712
07/12/2021,09:43:33,09:43:43,"7,69","13,74","19,12","19,67","0,011619","105,902664","0,310480","0,310480","8,9","95,9","1006,5","2,4",93.0,"589,8",,,,Erdre_aller_0712
07/12/2021,09:43:43,09:43:53,"6,70","14,22","23,82","24,99","0,013698","111,876328","0,311425","0,311425","8,9","95,8","1006,5","1,11",116.0,"590,1",,,,Erdre_aller_0712
07/12/2021,09:43:53,09:44:03,"7,34","15,05","22,70","22,56","0,020265","100,648163","0,322285","0,322285","8,9","95,7","1006,5","0,55",90.0,"590,6",,,,Erdre_aller_0712
07/12/2021,09:44:04,09:44:14,"7,08","12,48","15,91","15,74","0,015804","108,160866","0,321617","0,321617","8,9","95,6","1006,5","0,94",90.0,"589,9",,,,Erdre_aller_0712
07/12/2021,09:44:13,09:44:23,"7,88","16,62","25,92","29,88","0,009426","102,281845","0,310963","0,310963","8,9","95,6","1006,5","0,9",104.0,"590,3",,,,Erdre_aller_0712
07/12/2021,09:44:23,09:44:33,"6,36","13,10","20,78","21,34","0,027311","105,348869","0,336440","0,336440","8,9","95,5","1006,5","0,82",104.0,"590,2",,,,Erdre_aller_0712
07/12/2021,09:44:33,09:44:43,"7,21","14,26","20,54","21,42","0,016104","103,639496","0,311313","0,311313","8,9","95,4","1006,5","0,65",145.0,"590,2",61.0,47.24719322752208,-1.5454169176518917,Erdre_aller_0712
07/12/2021,09:44:44,09:44:54,"7,39","13,61","18,88","18,63","0,015599","101,552414","0,324266","0,324266","8,9","95,3","1006,5","1,13",27.0,"589,4",61.0,47.2472065128386,-1.5454087033867836,Erdre_aller_0712
07/12/2021,09:44:54,09:45:04,"7,51","15,07","22,66","24,01","0,012020","102,912392","0,318726","0,318726","8,9","95,2","1006,5","1,18",125.0,"589,2",61.0,47.2472065128386,-1.5454087033867836,Erdre_aller_0712
07/12/2021,09:45:04,09:45:14,"7,84","15,74","22,88","22,61","0,018369","112,868561","0,318798","0,318798","8,9","95,2","1006,5","1,28",8.0,"589,2",61.0,47.2472065128386,-1.5454087033867836,Erdre_aller_0712
07/12/2021,09:45:13,09:45:23,"7,85","17,16","21,79","54,72","0,015307","100,189445","0,338258","0,338258","8,9","95,2","1006,4","1,08",39.0,"590,5",61.0,47.2472065128386,-1.5454087033867836,Erdre_aller_0712
07/12/2021,09:45:24,09:45:34,"7,87","16,35","22,28","49,72","0,097129","105,075821","0,340130","0,340130","8,9","95,3","1006,4","0,78",58.0,"589,4",61.0,47.2472065128386,-1.5454087033867836,Erdre_aller_0712
07/12/2021,09:45:33,09:45:43,"8,08","16,26","23,89","23,69","0,104457","107,793365","0,334504","0,334504","8,9","95,4","1006,5","1,57",51.0,"590,8",59.0,47.24722365383059,-1.5454027522355318,Erdre_aller_0712
07/12/2021,09:45:44,09:45:54,"7,57","12,77","16,01","15,81","0,016320","108,247681","0,330537","0,330537","8,9","95,5","1006,4","1,82",118.0,"589,7",,,,Erdre_aller_0712
07/12/2021,09:45:53,09:46:03,"8,11","16,43","22,35","28,34","0,009077","106,717323","0,310393","0,310393",9,"95,5","1006,4","1,28",154.0,"590,8",,,,Erdre_aller_0712
07/12/2021,09:46:03,09:46:13,"7,47","15,04","23,34","26,64","0,028183","102,904327","0,338925","0,338925",9,"95,6","1006,4","0,81",178.0,"590,7",,,,Erdre_aller_0712
07/12/2021,09:46:14,09:46:24,"7,51","15,26","22,57","28,22","0,023550","109,064743","0,324414","0,324414",9,"95,6","1006,4","1,37",65.0,589,,,,Erdre_aller_0712
07/12/2021,09:46:23,09:46:33,"7,38","14,67","21,16","21,60","0,028416","109,699005","0,322691","0,322691",9,"95,5","1006,3","1,06",103.0,"590,9",,,,Erdre_aller_0712
07/12/2021,09:46:34,09:46:44,"7,58","14,20","19,64","19,50","0,015340","111,965225","0,314819","0,314819",9,"95,4","1006,1","1,97",155.0,"590,1",,,,Erdre_aller_0712
07/12/2021,09:46:44,09:46:54,"7,60","15,69","24,49","24,91","0,012727","108,705223","0,318520","0,318520",9,"95,4","1006,1","1,73",135.0,589,,,,Erdre_aller_0712
07/12/2021,09:46:54,09:47:04,"8,07","14,76","22,01","22,46","0,018321","110,513229","0,323723","0,323723",9,"95,4","1006,1","1,57",105.0,"589,4",,,,Erdre_aller_0712
07/12/2021,09:47:03,09:47:13,"6,83","14,62","21,95","35,68","0,016312","110,695358","0,321046","0,321046",9,"95,3","1006,1","0,72",120.0,"590,7",,,,Erdre_aller_0712
07/12/2021,09:47:13,09:47:23,"7,29","12,14","15,57","15,39","0,054954","101,732597","0,326919","0,326919",9,"95,3","1006,1","1,29",168.0,"590,6",,,,Erdre_aller_0712
07/12/2021,09:47:24,09:47:34,"7,18","15,31","19,97","47,42","0,009295","101,375854","0,313144","0,313144","9,1","95,3","1006,1","0,25",177.0,589,,,,Erdre_aller_0712
07/12/2021,09:47:34,09:47:44,"6,70","13,09","19,80","25,08","0,089402","103,268661","0,333175","0,333175",9,"95,3",1006,"0,08",8.0,"588,8",,,,Erdre_aller_0712
07/12/2021,09:47:43,09:47:53,"7,54","14,89","20,10","31,71","0,024596","99,835007","0,318568","0,318568","9,1","95,2",1006,"0,46",58.0,"589,6",,,,Erdre_aller_0712
07/12/2021,09:47:54,09:48:04,"7,39","15,22","20,23","44,55","0,039320","103,903992","0,328389","0,328389","9,1","95,3",1006,"0,51",15.0,589,,,,Erdre_aller_0712
07/12/2021,09:48:04,09:48:14,"7,21","26,58","27,12","243,00","0,078174","95,662216","0,343555","0,343555","9,1","95,3",1006,"0,74",79.0,589,,,,Erdre_aller_0712
07/12/2021,09:48:14,09:48:24,"7,14","13,10","18,65","18,47","6,731143","104,443695","0,589315","0,589315","9,1","95,3",1006,"1,2",131.0,"588,8",,,,Erdre_aller_0712
07/12/2021,09:48:24,09:48:34,"7,52","13,04","17,90","17,80","0,012162","100,559586","0,317030","0,317030","9,1","95,3",1006,"2,12",129.0,589,,,,Erdre_aller_0712
07/12/2021,09:48:34,09:48:44,"6,60","13,56","21,20","21,72","0,011423","101,192642","0,318798","0,318798","9,1","95,3",1006,"1,91",176.0,"589,2",,,,Erdre_aller_0712
07/12/2021,09:48:44,09:48:54,"6,48","12,37","18,79","18,48","0,016440","99,744759","0,318126","0,318126","9,1","95,3",1006,"3,16",148.0,"589,2",,,,Erdre_aller_0712
07/12/2021,09:48:54,09:49:04,"7,12","13,54","19,17","18,84","0,012682","101,467377","0,310618","0,310618","9,1","95,2",1006,"2,18",147.0,"589,1",,,,Erdre_aller_0712
07/12/2021,09:49:04,09:49:14,"7,37","15,62","20,96","54,37","0,012365","103,456291","0,316556","0,316556","9,1","95,2",1006,"2,3",171.0,"589,6",,,,Erdre_aller_0712
07/12/2021,09:49:14,09:49:24,"6,64","12,07","16,13","15,88","0,176376","99,462738","0,345213","0,345213","9,2","95,1",1006,"2,24",173.0,"590,1",,,,Erdre_aller_0712
07/12/2021,09:49:24,09:49:34,"7,67","15,89","24,99","25,27","0,009824","96,397728","0,312328","0,312328","9,2","95,1",1006,"0,64",159.0,"590,2",,,,Erdre_aller_0712
07/12/2021,09:49:34,09:49:44,"7,04","16,15","25,03","35,95","0,018766","104,083817","0,331620","0,331620","9,1",95,1006,"0,35",154.0,"590,1",,,,Erdre_aller_0712
07/12/2021,09:49:44,09:49:54,"7,01","14,33","23,47","24,12","0,046958","102,272781","0,333827","0,333827","9,2","94,9","1005,9","1,25",12.0,"590,1",,,,Erdre_aller_0712
07/12/2021,09:49:54,09:50:04,"7,00","12,53","17,04","16,95","0,018682","96,572487","0,329630","0,329630","9,2","94,9","1005,9","1,13",90.0,"590,4",,,,Erdre_aller_0712
07/12/2021,09:50:04,09:50:14,"6,71","13,78","21,17","22,94","0,010674","105,178856","0,309940","0,309940","9,2","94,8","1005,9","1,31",125.0,"590,7",,,,Erdre_aller_0712
07/12/2021,09:50:14,09:50:24,"7,17","13,88","21,40","22,61","0,018744","101,192329","0,319354","0,319354","9,2","94,8","1005,9","0,73",128.0,"590,4",,,,Erdre_aller_0712
07/12/2021,09:50:24,09:50:34,"7,66","16,49","25,75","27,11","0,017661","103,726143","0,320998","0,320998","9,2","94,8","1005,9","1,06",178.0,"590,3",,,,Erdre_aller_0712
07/12/2021,09:50:34,09:50:44,"6,76","14,91","25,64","27,17","0,021271","107,342293","0,331335","0,331335","9,2","94,8","1005,9","1,22",179.0,"590,1",,,,Erdre_aller_0712
07/12/2021,09:50:44,09:50:54,"7,85","14,75","20,89","20,62","0,022520","107,708817","0,320391","0,320391","9,2","94,8","1005,8","1,01",123.0,"590,1",,,,Erdre_aller_0712
07/12/2021,09:50:54,09:51:04,"8,06","14,76","21,12","23,19","0,013318","114,950768","0,317794","0,317794","9,2","94,8","1005,9","0,78",22.0,"588,8",,,,Erdre_aller_0712
07/12/2021,09:51:04,09:51:14,"7,47","15,28","21,89","33,70","0,018265","112,415405","0,320409","0,320409","9,2","94,7","1005,9","0,88",121.0,"588,6",,,,Erdre_aller_0712
07/12/2021,09:51:14,09:51:24,"7,26","13,59","19,53","20,04","0,042456","102,182320","0,333666","0,333666","9,2","94,7","1005,9","0,49",99.0,"589,9",,,,Erdre_aller_0712
07/12/2021,09:51:24,09:51:34,"7,31","12,74","16,37","16,13","0,014200","101,644714","0,319519","0,319519","9,2","94,7","1005,9","0,64",10.0,"590,1",,,,Erdre_aller_0712
07/12/2021,09:51:34,09:51:44,"7,33","15,23","21,09","25,69","0,009410","110,158203","0,307380","0,307380","9,2","94,7","1005,9","0,85",6.0,"589,5",,,,Erdre_aller_0712
07/12/2021,09:51:44,09:51:54,"7,05","13,40","19,09","25,11","0,024296","106,620804","0,324817","0,324817","9,2","94,7","1005,9","1,25",20.0,"588,4",,,,Erdre_aller_0712
07/12/2021,09:51:54,09:52:04,"7,34","13,81","20,00","21,01","0,026295","109,522560","0,311843","0,311843","9,2","94,7","1005,9","1,51",35.0,"587,9",,,,Erdre_aller_0712
07/12/2021,09:52:04,09:52:14,"7,71","13,57","18,58","18,28","0,015479","106,985741","0,317969","0,317969","9,2","94,7","1005,9","1,11",37.0,"588,5",,,,Erdre_aller_0712
07/12/2021,09:52:14,09:52:24,"6,86","12,48","17,34","17,40","0,011472","110,698502","0,313859","0,313859","9,2","94,7","1005,9","0,55",40.0,"588,2",,,,Erdre_aller_0712
07/12/2021,09:52:24,09:52:34,"6,66","14,45","20,79","32,85","0,011650","103,006767","0,309024","0,309024","9,2","94,7","1005,8","0,9",54.0,"588,7",,,,Erdre_aller_0712
07/12/2021,09:52:34,09:52:44,"7,59","17,74","30,16","40,21","0,050539","101,462166","0,323292","0,323292","9,2","94,7","1005,7","1,73",73.0,"587,6",,,,Erdre_aller_0712
07/12/2021,09:52:44,09:52:54,"6,61","12,67","18,28","18,17","0,045629","103,172577","0,347312","0,347312","9,2","94,7","1005,7","2,52",78.0,"587,7",,,,Erdre_aller_0712
07/12/2021,09:52:54,09:53:04,"7,24","13,76","20,26","19,97","0,012212","101,195389","0,311558","0,311558","9,2","94,7","1005,7","1,04",61.0,"587,8",,,,Erdre_aller_0712
07/12/2021,09:53:04,09:53:14,"6,71","13,80","21,57","22,55","0,013278","105,899963","0,317143","0,317143","9,2","94,7","1005,7","0,96",106.0,"587,5",,,,Erdre_aller_0712
07/12/2021,09:53:14,09:53:24,"7,56","15,40","21,70","24,34","0,017218","104,542511","0,316614","0,316614","9,2","94,7","1005,7","2,17",128.0,588,,,,Erdre_aller_0712
07/12/2021,09:53:24,09:53:34,"7,39","12,97","16,67","16,45","0,020164","104,718208","0,329824","0,329824","9,2","94,6","1005,7","1,61",96.0,588,,,,Erdre_aller_0712
07/12/2021,09:53:34,09:53:44,"6,86","12,53","18,39","18,24","0,009873","103,004082","0,315639","0,315639","9,2","94,6","1005,7","1,35",92.0,"587,8",,,,Erdre_aller_0712
07/12/2021,09:53:44,09:53:54,"6,95","12,41","15,89","15,68","0,012137","104,364182","0,309686","0,309686","9,3","94,6","1005,6","1,08",58.0,"587,9",,,,Erdre_aller_0712
07/12/2021,09:53:54,09:54:04,"7,54","15,51","22,43","23,51","0,009263","99,746147","0,314020","0,314020","9,2","94,5","1005,6","2,45",122.0,"588,7",,,,Erdre_aller_0712
07/12/2021,09:54:04,09:54:14,"6,00","12,16","18,58","18,45","0,017518","106,982925","0,324503","0,324503","9,2","94,5","1005,6","0,99",187.0,"588,7",,,,Erdre_aller_0712
07/12/2021,09:54:14,09:54:24,"7,22","14,38","21,28","33,55","0,012728","96,941101","0,311525","0,311525","9,3","94,5","1005,6","0,16",29.0,"587,8",,,,Erdre_aller_0712
07/12/2021,09:54:24,09:54:34,"6,63","11,87","17,14","17,42","0,046195","104,539383","0,324117","0,324117","9,3","94,5","1005,6","1,41",99.0,588,,,,Erdre_aller_0712
07/12/2021,09:54:34,09:54:44,"6,94","14,31","19,85","29,72","0,012056","100,562477","0,309576","0,309576","9,2","94,5","1005,7","1,62",7.0,"587,8",,,,Erdre_aller_0712
07/12/2021,09:54:44,09:54:54,"6,87","13,50","17,23","41,23","0,036710","101,914673","0,323851","0,323851","9,2","94,5","1005,7","1,42",3.0,"589,5",,,,Erdre_aller_0712
07/12/2021,09:54:54,09:55:04,"7,40","13,92","20,53","20,74","0,066773","105,177040","0,314203","0,314203","9,2","94,5","1005,7","1,07",26.0,"588,2",,,,Erdre_aller_0712
07/12/2021,09:55:04,09:55:14,"7,18","14,72","25,59","29,42","0,014464","107,076668","0,316931","0,316931","9,2","94,5","1005,7","1,24",20.0,"587,8",,,,Erdre_aller_0712
07/12/2021,09:55:14,09:55:24,"7,56","13,99","20,18","20,02","0,027191","103,451561","0,328467","0,328467","9,2","94,5","1005,7","0,92",43.0,"589,1",,,,Erdre_aller_0712
07/12/2021,09:55:24,09:55:34,"7,15","14,36","21,96","21,72","0,013565","103,182709","0,321810","0,321810","9,2","94,6","1005,7","0,97",105.0,"589,6",,,,Erdre_aller_0712
07/12/2021,09:55:34,09:55:44,"6,75","12,58","18,05","20,80","0,015125","101,280937","0,324246","0,324246","9,3","94,7","1005,7","0,91",40.0,"588,9",,,,Erdre_aller_0712
07/12/2021,09:55:44,09:55:54,"7,52","13,06","17,67","17,81","0,018019","98,840263","0,316191","0,316191","9,3","94,8","1005,8","0,29",325.0,"589,6",,,,Erdre_aller_0712
07/12/2021,09:55:54,09:56:04,"7,12","13,31","18,27","20,44","0,011816","99,471642","0,321605","0,321605","9,3","94,8","1005,8","0,78",115.0,"589,5",,,,Erdre_aller_0712
07/12/2021,09:56:04,09:56:14,"7,35","12,96","18,07","18,06","0,016481","98,204247","0,322314","0,322314","9,2","94,8","1005,7","1,58",161.0,"589,3",,,,Erdre_aller_0712
07/12/2021,09:56:14,09:56:24,"6,84","13,89","22,41","26,47","0,011889","103,819672","0,313384","0,313384","9,3","94,9","1005,7","1,79",233.0,"589,4",,,,Erdre_aller_0712
07/12/2021,09:56:24,09:56:34,"7,51","13,39","17,20","16,98","0,024563","93,675163","0,332195","0,332195","9,3","94,9","1005,7","1,13",209.0,"589,6",,,,Erdre_aller_0712
07/12/2021,09:56:34,09:56:44,"7,43","15,72","23,17","36,28","0,010198","93,767403","0,327835","0,327835","9,3","94,9","1005,7","1,83",206.0,"589,5",,,,Erdre_aller_0712
07/12/2021,09:56:44,09:56:54,"7,61","15,63","23,40","27,32","0,054556","98,650238","0,339698","0,339698","9,3","94,9","1005,7","1,9",213.0,"589,6",,,,Erdre_aller_0712
07/12/2021,09:56:54,09:57:04,"7,27","15,66","22,42","28,74","0,025262","101,729675","0,333821","0,333821","9,3","94,9","1005,7","3,06",204.0,"589,7",,,,Erdre_aller_0712
07/12/2021,09:57:04,09:57:14,"8,54","18,85","26,23","60,95","0,029574","100,643837","0,333139","0,333139","9,3","94,8","1005,7","2,35",204.0,"589,4",,,,Erdre_aller_0712
07/12/2021,09:57:13,09:57:23,"6,95","16,10","20,06","87,17","0,242102","102,985588","0,361976","0,361976","9,3","94,7","1005,7","1,43",204.0,"587,2",,,,Erdre_aller_0712
07/12/2021,09:57:24,09:57:34,"6,46","15,20","26,40","31,29","1,839501","104,335876","0,386312","0,386312","9,3","94,7","1005,7","1,67",221.0,"587,5",,,,Erdre_aller_0712
07/12/2021,09:57:34,09:57:44,"7,53","15,37","25,19","27,91","0,030894","94,035011","0,338181","0,338181","9,3","94,7","1005,7","1,8",167.0,"587,5",,,,Erdre_aller_0712
07/12/2021,09:57:43,09:57:53,"7,65","14,13","18,92","18,61","0,024151","96,750076","0,338702","0,338702","9,3","94,7","1005,7","2,04",187.0,"588,1",81.0,47.252044044435024,-1.5403934754431248,Erdre_aller_0712
07/12/2021,09:57:43,09:57:53,"7,65","14,13","18,92","18,61","0,024151","96,750076","0,338702","0,338702","9,3","94,7","1005,7","2,04",187.0,"588,1",67.0,47.25211893673986,-1.5404495503753424,Erdre_aller_0712
07/12/2021,09:57:54,09:58:04,"7,00","13,76","18,88","18,53","0,011530","96,934113","0,330622","0,330622","9,3","94,8","1005,7","0,18",249.0,"587,5",51.0,47.25219252984971,-1.54073235578835,Erdre_aller_0712
07/12/2021,09:58:04,09:58:14,"7,60","12,61","17,32","18,52","0,011609","95,125786","0,325120","0,325120","9,3","94,9","1005,7","0,99",185.0,"587,5",53.0,47.25231880322099,-1.540700001642108,Erdre_aller_0712
07/12/2021,09:58:28,09:58:38,"7,79","14,78","22,22","23,80","0,013621","96,484497","0,322706","0,322706","9,3",95,"1005,6","0,47",181.0,"589,2",56.0,47.252648253925145,-1.5406153444200754,Erdre_aller_0712
07/12/2021,09:58:29,09:58:39,"7,34","14,28","21,85","23,41","0,018721","95,392242","0,339271","0,339271","9,3",95,"1005,6","0,59",148.0,"588,1",61.0,47.25263031665236,-1.5406102314591408,Erdre_aller_0712
07/12/2021,09:58:34,09:58:44,"6,73","12,31","17,03","17,30","0,018600","93,130363","0,337287","0,337287","9,3",95,"1005,6","1,12",210.0,"587,8",,,,Erdre_aller_0712
07/12/2021,09:58:44,09:58:54,"6,56","14,14","22,51","23,16","0,011765","90,510429","0,323705","0,323705","9,3",95,"1005,6","1,21",171.0,"587,8",,,,Erdre_aller_0712
07/12/2021,09:58:53,09:59:03,"7,59","14,16","19,20","18,88","0,017938","88,333900","0,336265","0,336265","9,3","94,9","1005,6","1,1",193.0,"587,7",,,,Erdre_aller_0712
07/12/2021,09:59:03,09:59:13,"7,02","14,54","22,18","22,35","0,011739","94,308365","0,333258","0,333258","9,4","94,9","1005,6","0,26",236.0,"587,6",,,,Erdre_aller_0712
07/12/2021,09:59:14,09:59:24,"7,10","14,42","22,62","28,20","0,016123","95,847496","0,331976","0,331976","9,4","94,8","1005,6","2,1",191.0,"588,1",,,,Erdre_aller_0712
07/12/2021,09:59:24,09:59:34,"7,22","14,87","23,28","31,95","0,028183","91,862854","0,338347","0,338347","9,4","94,8","1005,6","1,27",196.0,"588,2",58.0,47.25272033829242,-1.5404849220067265,Erdre_aller_0712
07/12/2021,09:59:33,09:59:43,"6,90","15,84","25,14","36,73","1,247872","100,906334","0,363014","0,363014","9,4","94,8","1005,6","1,17",212.0,"587,5",,,,Erdre_aller_0712
07/12/2021,09:59:43,09:59:53,"7,53","15,85","23,25","22,92","0,044087","94,032578","0,345427","0,345427","9,4","94,8","1005,6","0,61",180.0,"587,4",,,,Erdre_aller_0712
07/12/2021,09:59:54,10:00:04,"6,52","14,53","23,90","27,64","0,015695","97,474068","0,338756","0,338756","9,3","94,8","1005,6","0,91",234.0,"587,6",55.0,47.25310062523931,-1.540434379130602,Erdre_aller_0712
07/12/2021,10:00:03,10:00:13,"7,36","15,17","22,61","29,11","0,026090","93,403473","0,332835","0,332835","9,4","94,8","1005,6","0,34",195.0,"587,8",52.0,47.25310347508639,-1.540426416322589,Erdre_aller_0712
07/12/2021,10:00:13,10:00:23,"6,44","14,10","19,31","34,94","0,029531","92,403984","0,343494","0,343494","9,4","94,8","1005,6","1,24",190.0,"587,6",52.0,47.25322044454515,-1.5403902903199196,Erdre_aller_0712
07/12/2021,10:00:23,10:00:33,"7,34","16,18","22,77","32,18","0,055999","92,861229","0,330383","0,330383","9,4","94,8","1005,6","1,05",201.0,"587,4",53.0,47.25330384448171,-1.540382243692875,Erdre_aller_0712
07/12/2021,10:00:33,10:00:43,"7,82","16,23","25,00","26,87","0,038171","94,665512","0,346831","0,346831","9,4","94,8","1005,6","0,55",203.0,"587,5",53.0,47.25341121666133,-1.5403959061950443,Erdre_aller_0712
07/12/2021,10:00:43,10:00:53,"7,65","14,65","19,38","27,91","0,021779","89,866013","0,354922","0,354922","9,4","94,8","1005,6","1,09",192.0,"587,5",55.0,47.25352676119656,-1.5403682459145784,Erdre_aller_0712
07/12/2021,10:00:53,10:01:03,"7,23","14,99","22,64","23,82","0,031152","96,751198","0,335398","0,335398","9,4","94,7","1005,6","1,37",199.0,"587,4",54.0,47.25365550722927,-1.540328012779355,Erdre_aller_0712
07/12/2021,10:01:03,10:01:13,"7,49","13,20","17,31","17,11","0,018291","97,386429","0,330969","0,330969","9,4","94,7","1005,5","0,51",215.0,"587,4",58.0,47.253744271583855,-1.5402666572481394,Erdre_aller_0712
07/12/2021,10:01:13,10:01:23,"6,85","13,96","21,48","25,74","0,010491","96,121346","0,325736","0,325736","9,4","94,7","1005,5","0,67",218.0,"587,5",64.0,47.25385549943894,-1.5402106661349535,Erdre_aller_0712
07/12/2021,10:01:23,10:01:33,"6,93","15,78","24,98","26,72","0,024401","91,863953","0,335844","0,335844","9,4","94,7","1005,5","0,51",203.0,"588,1",62.0,47.25400335621089,-1.5402180422097445,Erdre_aller_0712
07/12/2021,10:01:33,10:01:43,"7,58","15,26","18,58","51,56","0,021685","87,785675","0,351451","0,351451","9,4","94,7","1005,5","2,02",198.0,"588,3",60.0,47.25411584135145,-1.5401711035519838,Erdre_aller_0712
07/12/2021,10:01:43,10:01:53,"6,86","17,26","28,80","45,56","0,248151","100,733147","0,336173","0,336173","9,4","94,7","1005,5","1,21",196.0,"589,1",56.0,47.25424789823592,-1.5401559323072431,Erdre_aller_0712
07/12/2021,10:01:53,10:02:03,"7,45","17,86","27,76","46,21","0,177082","93,755852","0,359459","0,359459","9,4","94,7","1005,5","0,57",189.0,"588,8",55.0,47.25438322406262,-1.540139839053154,Erdre_aller_0712
07/12/2021,10:02:03,10:02:13,"7,46","13,25","17,30","17,37","0,068924","95,023476","0,357049","0,357049","9,4","94,6","1005,5","0,54",204.0,"589,4",54.0,47.25449227262288,-1.5401199739426374,Erdre_aller_0712
07/12/2021,10:02:13,10:02:23,"6,96","13,22","19,09","19,62","0,010964","88,786644","0,335667","0,335667","9,4","94,6","1005,5","1,55",206.0,"589,2",,,,Erdre_aller_0712
07/12/2021,10:02:23,10:02:33,"6,79","13,29","18,42","21,92","0,014044","97,118408","0,321723","0,321723","9,4","94,7","1005,5","1,26",208.0,"588,7",,,,Erdre_aller_0712
07/12/2021,10:02:33,10:02:43,"6,59","14,24","22,67","23,42","0,019756","92,138046","0,328233","0,328233","9,4","94,7","1005,5","0,41",339.0,"588,4",,,,Erdre_aller_0712
07/12/2021,10:02:43,10:02:53,"6,42","13,74","21,47","21,41","0,018227","89,782326","0,334976","0,334976","9,4","94,7","1005,4","0,32",124.0,"587,8",,,,Erdre_aller_0712
07/12/2021,10:02:53,10:03:03,"7,24","17,62","26,45","56,13","0,015365","91,051178","0,330463","0,330463","9,4","94,8","1005,4","0,32",298.0,"587,3",,,,Erdre_aller_0712
07/12/2021,10:03:03,10:03:13,"6,91","15,56","24,56","24,98","0,086651","99,461250","0,348974","0,348974","9,4","94,9","1005,4","0,87",220.0,"587,3",,,,Erdre_aller_0712
07/12/2021,10:03:13,10:03:23,"6,95","13,82","20,83","21,39","0,018776","87,876762","0,349646","0,349646","9,4","94,9","1005,4","0,47",236.0,"587,3",,,,Erdre_aller_0712
07/12/2021,10:03:24,10:03:34,"6,92","11,66","15,18","15,29","0,015845","86,613205","0,339281","0,339281","9,4","94,9","1005,4","1,43",219.0,"587,9",,,,Erdre_aller_0712
07/12/2021,10:03:33,10:03:43,"10,48","16,26","19,59","19,40","0,009530","105,543983","0,302078","0,302078","9,4","94,9","1005,4","1,25",209.0,"587,6",,,,Erdre_aller_0712
07/12/2021,10:03:43,10:03:53,"6,50","14,16","23,39","24,98","0,010700","279,664398","0,251956","0,251956","9,4","94,9","1005,4","0,73",220.0,"587,9",,,,Erdre_aller_0712
07/12/2021,10:03:53,10:04:03,"6,43","13,91","22,94","25,37","0,020918","86,250870","0,340288","0,340288","9,4","94,9","1005,4","0,26",333.0,"587,7",,,,Erdre_aller_0712
07/12/2021,10:04:03,10:04:13,"7,14","11,64","14,35","14,20","0,022250","84,077965","0,343044","0,343044","9,4","94,9","1005,4","1,37",178.0,"587,5",,,,Erdre_aller_0712
07/12/2021,10:04:13,10:04:23,"7,61","15,09","23,02","23,43","0,008199","86,526970","0,327077","0,327077","9,4",95,"1005,4","2,01",202.0,"587,3",,,,Erdre_aller_0712
07/12/2021,10:04:23,10:04:33,"6,35","12,27","18,77","20,07","0,017369","89,778053","0,347976","0,347976","9,4",95,"1005,4","1,9",30.0,"587,2",,,,Erdre_aller_0712
07/12/2021,10:04:33,10:04:43,"7,17","15,47","22,86","24,20","0,015761","84,444550","0,328677","0,328677","9,4","94,9","1005,4","3,05",3.0,"586,9",64.0,47.25593387614936,-1.539584370329976,Erdre_aller_0712
07/12/2021,10:04:33,10:04:43,"7,17","15,47","22,86","24,20","0,015761","84,444550","0,328677","0,328677","9,4","94,9","1005,4","3,05",3.0,"586,9",63.0,47.25588505156338,-1.539580598473549,Erdre_aller_0712
07/12/2021,10:04:43,10:04:53,"7,90","15,80","19,39","42,72","0,018519","92,857452","0,341088","0,341088","9,4","94,8","1005,4","2,69",339.0,"586,9",,,,Erdre_aller_0712
07/12/2021,10:04:53,10:05:03,"6,87","13,48","17,81","37,45","0,066558","91,224571","0,351845","0,351845","9,4","94,7","1005,4","2,02",344.0,"587,4",,,,Erdre_aller_0712
07/12/2021,10:05:03,10:05:13,"7,68","15,40","22,35","23,10","0,136956","85,795876","0,347891","0,347891","9,4","94,7","1005,4","0,34",14.0,"586,8",,,,Erdre_aller_0712
07/12/2021,10:05:13,10:05:23,"7,49","15,92","24,51","25,08","0,016933","90,320854","0,347913","0,347913","9,4","94,7","1005,4","0,71",289.0,"586,8",,,,Erdre_aller_0712
07/12/2021,10:05:23,10:05:33,"6,66","14,10","21,28","21,17","0,018856","93,036598","0,345915","0,345915","9,4","94,6","1005,3","1,22",308.0,"586,9",,,,Erdre_aller_0712
07/12/2021,10:05:33,10:05:43,"6,99","13,20","18,17","18,71","0,014723","88,152504","0,337341","0,337341","9,5","94,6","1005,3","0,83",339.0,"587,3",,,,Erdre_aller_0712
07/12/2021,10:05:43,10:05:53,"7,34","15,23","20,79","33,94","0,012950","89,421654","0,331438","0,331438","9,4","94,6","1005,3","1,57",341.0,"587,3",,,,Erdre_aller_0712
07/12/2021,10:05:53,10:06:03,"6,62","13,28","20,54","21,25","0,052154","89,324982","0,349227","0,349227","9,5","94,6","1005,3","1,26",12.0,"587,2",,,,Erdre_aller_0712
07/12/2021,10:06:03,10:06:13,"6,62","12,69","18,49","19,99","0,016011","82,358101","0,343603","0,343603","9,4","94,6","1005,3","2,4",319.0,"586,9",,,,Erdre_aller_0712
07/12/2021,10:06:13,10:06:23,"7,06","13,48","16,73","27,46","0,015807","87,431007","0,330064","0,330064","9,5","94,5","1005,3","0,77",17.0,"588,8",,,,Erdre_aller_0712
07/12/2021,10:06:23,10:06:33,"6,24","11,69","16,51","16,54","0,038620","83,986641","0,345411","0,345411","9,5","94,5","1005,2","0,83",85.0,587,,,,Erdre_aller_0712
07/12/2021,10:06:33,10:06:43,"7,64","14,89","21,66","23,03","0,010956","82,272552","0,328108","0,328108","9,5","94,4","1005,2","0,69",5.0,"586,9",,,,Erdre_aller_0712
07/12/2021,10:06:43,10:06:53,"6,84","14,57","23,29","23,34","0,017563","83,801445","0,358579","0,358579","9,5","94,4","1005,2","2,18",25.0,"586,7",,,,Erdre_aller_0712
07/12/2021,10:06:53,10:07:03,"7,47","15,22","22,08","23,64","0,017313","80,996536","0,356801","0,356801","9,5","94,4","1005,2","3,06",2.0,"587,3",,,,Erdre_aller_0712
07/12/2021,10:07:03,10:07:13,"6,98","13,54","19,78","20,07","0,018388","88,420227","0,348339","0,348339","9,5","94,3","1005,1","3,93",356.0,"586,8",,,,Erdre_aller_0712
,,,,,,,"0,014342","82,629318","0,344106","0,344106",,,,,,,,,,Erdre_aller_0712
